Player,Hands,Result,RakePaid,FlatRB,winrate,Rbwinrate,Rbeffect,Reg,PlayerType,RBReg,RB_PlayerType
Player 1,298644,2285.47,17668.05,3533.61,0.76528241,1.948500556,1.546119616,1,1,1,1
Player 2,232879,4353.83,14217.46,2843.492,1.869567458,3.090584381,0.653101292,1,1,1,1
Player 3,207342,1398.22,15216.04,3043.208,0.674354448,2.142078305,2.176487248,1,1,1,1
Player 4,183272,5522.98,10412.41,2082.482,3.013542712,4.149822122,0.377057675,1,1,1,1
Player 5,164829,5251.84,10028.26,2005.652,3.186235432,4.403043154,0.381895107,1,1,1,1
Player 6,151340,-4219.88,9521.62,1904.324,-2.788344126,-1.530035681,0.451274444,0,0,0,1
Player 7,135260,-1266.09,8013.54,1602.708,-0.936041697,0.248867367,1.265872095,0,1,1,1
Player 8,121810,619.81,6077.25,1215.45,0.508833429,1.50665791,1.96100418,1,1,1,1
Player 9,116073,7424.76,7549.29,1509.858,6.396629707,7.697412835,0.203354452,1,1,1,1
Player 10,105798,-3341.22,9304.83,1860.966,-3.15811263,-1.399132309,0.556972004,0,0,0,1
Player 11,100012,-5441.75,7927.77,1585.554,-5.441097068,-3.855733312,0.291368402,0,0,0,1
Player 12,96065,2772.77,5535.16,1107.032,2.886347785,4.038725863,0.399251291,1,1,1,1
Player 13,90754,4721.63,6419.24,1283.848,5.202668753,6.617314939,0.271907794,1,1,1,1
Player 14,86538,1525.43,7394.05,1478.81,1.762728512,3.471584737,0.969438126,1,1,1,1
Player 15,79122,-517.63,4876.82,975.364,-0.654217537,0.578516721,1.884288006,0,1,1,1
Player 16,76695,1696.39,5264.79,1052.958,2.21186518,3.584781276,0.620705144,1,1,1,1
Player 17,73433,3146.97,5034.48,1006.896,4.285498345,5.656674792,0.319957292,1,1,1,1
Player 18,71864,2326.6,3929.21,785.842,3.237504175,4.331016921,0.337764119,1,1,1,1
Player 19,68261,3910.44,5196.63,1039.326,5.728659117,7.251235698,0.265782367,1,1,1,1
Player 20,65556,-2377.63,4275.9,855.18,-3.626868631,-2.322365611,0.359677494,0,0,0,1
Player 21,63089,1178.42,3157.23,631.446,1.867869201,2.868750495,0.535841211,1,1,1,1
Player 22,60852,-3250.43,3364.31,672.862,-5.341533557,-4.23579833,0.207007073,0,0,0,1
Player 23,58842,-1210.19,2852.15,570.43,-2.056677203,-1.087250603,0.471355738,0,0,0,1
Player 24,56292,2842.61,3677.06,735.412,5.049758403,6.356182051,0.258710129,1,1,1,1
Player 25,52616,-1696.51,2234.27,446.854,-3.2243234,-2.375049415,0.263396031,0,0,0,1
Player 26,50466,-134.98,2494.44,498.888,-0.267467206,0.721095391,3.696014221,0,1,1,1
Player 27,48721,283.13,3213.46,642.692,0.581125182,1.900252458,2.269953733,1,1,1,1
Player 28,45514,142.67,2417.76,483.552,0.313463989,1.375888738,3.389303991,1,1,1,1
Player 29,43122,368.82,2463.98,492.796,0.855294281,1.998089142,1.336142292,1,1,1,1
Player 30,41035,-116.92,2429.87,485.974,-0.284927501,0.899363958,4.15646596,0,1,1,1
Player 31,39810,24.72,2168.08,433.616,0.062094951,1.151308716,17.54110032,1,1,1,1
Player 32,38196,858.19,1890.62,378.124,2.246805948,3.236763012,0.440606393,1,1,1,1
Player 33,37368,1022.41,2481.5,496.3,2.736057589,4.064199315,0.4854217,1,1,1,1
Player 34,35985,1880.7,2283.69,456.738,5.22634431,6.495589829,0.24285532,1,1,1,1
Player 35,34604,1700.68,2627.84,525.568,4.914691943,6.433499017,0.309034033,1,1,1,1
Player 36,32973,-1486.21,2146.77,429.354,-4.507354502,-3.205216389,0.288891879,0,0,0,1
Player 37,31417,984.99,1733.03,346.606,3.135213419,4.238456886,0.351887837,1,1,1,1
Player 38,30501,-206.97,2077.17,415.434,-0.678567916,0.683466116,2.007218437,0,1,1,1
Player 39,29784,3791.29,2322.39,464.478,12.72928418,14.2887725,0.122511863,1,1,1,1
Player 40,28696,1211.83,1609.98,321.996,4.222992752,5.345086423,0.265710537,1,1,1,1
Player 41,27449,-5070.64,2008.57,401.714,-18.47294983,-17.00945754,0.07922353,0,0,0,1
Player 42,26615,4943.92,2155.35,431.07,18.5756904,20.19534097,0.087191945,1,1,1,1
Player 43,25598,-1855.35,2586.4,517.28,-7.24802719,-5.227244316,0.278804538,0,0,0,1
Player 44,24577,890.9,1461.64,292.328,3.624933881,4.81437116,0.328126614,1,1,1,1
Player 45,23812,-786.11,1133.33,226.666,-3.301318663,-2.34942046,0.288338782,0,0,0,1
Player 46,23142,-749.83,1237.83,247.566,-3.240126178,-2.170356927,0.330162837,0,0,0,1
Player 47,22806,175.65,1649.88,329.976,0.770192055,2.217074454,1.878599486,1,1,1,1
Player 48,22143,1235.52,1711.31,342.262,5.579731744,7.125421126,0.277018583,1,1,1,1
Player 49,21356,-1611.19,1091.47,218.294,-7.544437161,-6.522270088,0.135486193,0,0,0,1
Player 50,20442,-2917.42,1908.61,381.722,-14.27169553,-12.40435378,0.13084232,0,0,0,1
Player 51,19638,-1848.01,1154.89,230.978,-9.410377839,-8.234199002,0.124987419,0,0,0,1
Player 52,18920,-1704.9,1391.09,278.218,-9.011099366,-7.540602537,0.163187284,0,0,0,1
Player 53,18322,-636.06,1451.18,290.236,-3.47156424,-1.887479533,0.456302864,0,0,0,1
Player 54,17657,719.04,1541.71,308.342,4.072265957,5.818553548,0.428824544,1,1,1,1
Player 55,17418,-984.81,1020.62,204.124,-5.653978643,-4.482064531,0.207272469,0,0,0,1
Player 56,16833,-315.37,1112.64,222.528,-1.873522248,-0.551547555,0.705609285,0,0,0,1
Player 57,16451,-862.1,899.23,179.846,-5.240410917,-4.147188621,0.20861385,0,0,0,1
Player 58,15894,-995.13,546.46,109.292,-6.261041903,-5.57341135,0.109826857,0,0,0,1
Player 59,15269,797.23,998.45,199.69,5.221232563,6.529045779,0.250479786,1,1,1,1
Player 60,14919,-546.77,669.03,133.806,-3.664923923,-2.768040753,0.244720815,0,0,0,1
Player 61,14550,-112.81,1008.57,201.714,-0.77532646,0.611024055,1.788086163,0,1,1,1
Player 62,13917,340.85,960.67,192.134,2.449162894,3.82973342,0.563690773,1,1,1,1
Player 63,13515,-1470.95,789.73,157.946,-10.88383278,-9.715160932,0.107376865,0,0,0,1
Player 64,13161,693.25,796.69,159.338,5.26745688,6.478139959,0.229842048,1,1,1,1
Player 65,12889,-1491.6,1112.34,222.468,-11.57265886,-9.846628908,0.149147225,0,0,0,1
Player 66,12438,869.53,1036.72,207.344,6.990914938,8.657935359,0.238455257,1,1,1,1
Player 67,12212,-3283.08,608.17,121.634,-26.88404848,-25.88802817,0.037048747,0,0,0,1
Player 68,11830,-2776.65,1343.94,268.788,-23.47125951,-21.1991716,0.096802982,0,0,0,1
Player 69,11621,296.14,873.35,174.67,2.548317701,4.051372515,0.589822381,1,1,1,1
Player 70,11417,752.51,1126.37,225.274,6.591136025,8.564281335,0.299363464,1,1,1,1
Player 71,11205,897.89,759.6,151.92,8.013297635,9.369120928,0.169196672,1,1,1,1
Player 72,10753,-514.9,567.51,113.502,-4.788431135,-3.732893146,0.220435036,0,0,0,1
Player 73,10505,495.22,696.56,139.312,4.714136126,6.040285578,0.281313356,1,1,1,1
Player 74,10304,320.93,596.41,119.282,3.114615683,4.272243789,0.371676067,1,1,1,1
Player 75,10020,-2169.67,755.52,151.104,-21.65339321,-20.14536926,0.069643771,0,0,0,1
Player 76,9771,-1081.77,981.96,196.392,-11.07123119,-9.06128339,0.181546909,0,0,0,1
Player 77,9556,-143.45,636.27,127.254,-1.501151109,-0.16948514,0.887096549,0,0,0,1
Player 78,9394,-1004.48,652.16,130.432,-10.69278263,-9.304321908,0.129850271,0,0,0,1
Player 79,9277,-1012.38,727.22,145.444,-10.91279508,-9.345003773,0.143665422,0,0,0,1
Player 80,9047,-272.85,641.7,128.34,-3.015916879,-1.59732508,0.470368334,0,0,0,1
Player 81,8910,-1371.81,497.26,99.452,-15.3962963,-14.28011223,0.072496921,0,0,0,1
Player 82,8788,280.37,567.32,113.464,3.190373236,4.481497497,0.404693798,1,1,1,1
Player 83,8518,-51.76,427.6,85.52,-0.607654379,0.396337168,1.652241112,0,1,1,1
Player 84,8316,-1986.4,841.98,168.396,-23.88648389,-21.86151996,0.084774467,0,0,0,1
Player 85,8165,-1054.49,467.74,93.548,-12.91475811,-11.76903858,0.088713975,0,0,0,1
Player 86,7971,693.89,608.09,121.618,8.705181282,10.23093715,0.175269856,1,1,1,1
Player 87,7766,-268.88,409.62,81.924,-3.46227144,-2.407365439,0.304686105,0,0,0,1
Player 88,7647,-142.77,344.89,68.978,-1.867006669,-0.964979731,0.483140716,0,0,0,1
Player 89,7610,-544.22,391.88,78.376,-7.151379763,-6.121471748,0.144015288,0,0,0,1
Player 90,7486,-5888.73,1062.12,212.424,-78.66323804,-75.82562116,0.036072973,0,0,0,1
Player 91,7314,-75.65,385.71,77.142,-1.034317747,0.020399234,1.019722405,0,1,1,1
Player 92,7137,-1026.69,488.87,97.774,-14.38545607,-13.01549671,0.095232251,0,0,0,1
Player 93,7013,1399.97,480.47,96.094,19.96249822,21.33272494,0.068640042,1,1,1,1
Player 94,6926,-1056.97,390.78,78.156,-15.26090095,-14.13245741,0.073943442,0,0,0,1
Player 95,6852,-2212.44,645.72,129.144,-32.28896673,-30.40420315,0.058371753,0,0,0,1
Player 96,6748,-1435.42,333.83,66.766,-21.27178423,-20.28236515,0.046513215,0,0,0,1
Player 97,6671,77.52,402.44,80.488,1.162044671,2.368580423,1.038286894,1,1,1,1
Player 98,6513,-1018.69,439.34,87.868,-15.6408721,-14.29175495,0.086255878,0,0,0,1
Player 99,6421,-1386.69,563,112.6,-21.59616882,-19.84254789,0.081200557,0,0,0,1
Player 100,6293,-690.07,304.91,60.982,-10.96567615,-9.996631177,0.088370745,0,0,0,1
Player 101,6188,-433.8,432.16,86.432,-7.010342599,-5.613574661,0.199243891,0,0,0,1
Player 102,6070,-928.92,297.52,59.504,-15.30345964,-14.3231631,0.064057185,0,0,0,1
Player 103,5963,-1020.29,436.99,87.398,-17.11034714,-15.6446755,0.085659959,0,0,0,1
Player 104,5812,-564.18,399.76,79.952,-9.707157605,-8.331520991,0.141713638,0,0,0,1
Player 105,5717,-134.7,388.92,77.784,-2.356130838,-0.99555711,0.577461025,0,0,0,1
Player 106,5654,-564.04,286.73,57.346,-9.975946233,-8.961690838,0.101670094,0,0,0,1
Player 107,5597,77.15,250.98,50.196,1.378417009,2.275254601,0.650628646,1,1,1,1
Player 108,5545,18.34,353.45,70.69,0.330748422,1.605590622,3.854416575,1,1,1,1
Player 109,5478,-1528.42,268.33,53.666,-27.90105878,-26.92139467,0.035112076,0,0,0,1
Player 110,5325,569.12,391.63,78.326,10.68769953,12.15861033,0.137626511,1,1,1,1
Player 111,5271,-294.52,340.46,68.092,-5.587554544,-4.29573136,0.231196523,0,0,0,1
Player 112,5220,1026.03,431.47,86.294,19.65574713,21.30888889,0.084104753,1,1,1,1
Player 113,5169,-1668.26,403.57,80.714,-32.27432772,-30.71282647,0.048382146,0,0,0,1
Player 114,5113,-952.44,481.87,96.374,-18.62781146,-16.74292979,0.101186426,0,0,0,1
Player 115,5030,-224.97,336.63,67.326,-4.472564612,-3.134075547,0.299266569,0,0,0,1
Player 116,4977,1050.05,287.47,57.494,21.09805103,22.25324493,0.054753584,1,1,1,1
Player 117,4932,-751.51,391.31,78.262,-15.23742903,-13.65060827,0.104139665,0,0,0,1
Player 118,4859,-20.15,326.9,65.38,-0.414694382,0.930849969,3.24466501,0,1,1,1
Player 119,4755,-750.33,416.79,83.358,-15.77981073,-14.02675079,0.111095118,0,0,0,1
Player 120,4674,-618.4,363.27,72.654,-13.23063757,-11.67620881,0.117487064,0,0,0,1
Player 121,4595,-63.24,574.41,114.882,-1.376278564,1.123873776,1.816603415,0,1,1,1
Player 122,4533,-1819.46,430.1,86.02,-40.13809839,-38.24045886,0.047277764,0,0,0,1
Player 123,4493,-1685.07,322.14,64.428,-37.50434008,-36.07037614,0.038234613,0,0,0,1
Player 124,4464,-557.33,297.5,59.5,-12.48499104,-11.15210573,0.106759012,0,0,0,1
Player 125,4419,-1404.35,560.09,112.018,-31.77981444,-29.24489704,0.079765016,0,0,0,1
Player 126,4322,-55.36,976.97,195.394,-1.280888478,3.240027765,3.529515895,0,1,1,1
Player 127,4269,-847.53,340.76,68.152,-19.8531272,-18.25668775,0.080412493,0,0,0,1
Player 128,4220,-786.88,514.27,102.854,-18.6464455,-16.20914692,0.130711163,0,0,0,1
Player 129,4172,-202.96,306.54,61.308,-4.864813039,-3.395302013,0.302069373,0,0,0,1
Player 130,4153,366.28,419.05,83.81,8.819648447,10.83770768,0.228814022,1,1,1,1
Player 131,4099,562.69,272.86,54.572,13.72749451,15.05884362,0.09698413,1,1,1,1
Player 132,4073,-121.21,213.18,42.636,-2.975939111,-1.929143138,0.351753156,0,0,0,1
Player 133,4034,160.16,250.48,50.096,3.970252851,5.212097174,0.312787213,1,1,1,1
Player 134,4001,-318.03,298.52,59.704,-7.948762809,-6.456535866,0.187730717,0,0,0,1
Player 135,3980,-53.11,294.2,58.84,-1.334422111,0.143969849,1.107889286,0,1,1,1
Player 136,3955,149.45,245.29,49.058,3.778761062,5.019165613,0.328256942,1,1,1,1
Player 137,3919,366.21,215.05,43.01,9.344475632,10.44194948,0.117446274,1,1,1,1
Player 138,3876,-654.8,337.04,67.408,-16.89370485,-15.15459236,0.102944411,0,0,0,1
Player 139,3831,-211.48,193.37,38.674,-5.520229705,-4.510728269,0.182873085,0,0,0,1
Player 140,3783,909.69,299.18,59.836,24.04678826,25.6284959,0.065776253,1,1,1,1
Player 141,3744,-763.86,354.8,70.96,-20.40224359,-18.50694444,0.092896604,0,0,0,1
Player 142,3707,-1469.23,355.22,71.044,-39.6339358,-37.71745347,0.04835458,0,0,0,1
Player 143,3673,225.87,234.62,46.924,6.149469099,7.427007895,0.207747819,1,1,1,1
Player 144,3627,28.64,133.8,26.76,0.789633306,1.52743314,0.934357541,1,1,1,1
Player 145,3590,-30.95,422.07,84.414,-0.862116992,1.489247911,2.72743134,0,1,1,1
Player 146,3570,-388.26,208.71,41.742,-10.87563025,-9.706386555,0.107510431,0,0,0,1
Player 147,3508,-869.19,83.68,16.736,-24.77736602,-24.30028506,0.019254708,0,0,0,1
Player 148,3479,954.07,277.79,55.558,27.42368497,29.02063811,0.058232624,1,1,1,1
Player 149,3441,18.48,228.3,45.66,0.537053182,1.863993025,2.470779222,1,1,1,1
Player 150,3412,-987.65,473.89,94.778,-28.94636577,-26.16858148,0.095963145,0,0,0,1
Player 151,3390,-1069.26,235.97,47.194,-31.54159292,-30.14943953,0.044137067,0,0,0,1
Player 152,3358,-664.29,189.41,37.882,-19.7823109,-18.65419893,0.057026299,0,0,0,1
Player 153,3329,-1775.06,409.89,81.978,-53.32111745,-50.85857615,0.046183228,0,0,0,1
Player 154,3287,-429.33,226.45,45.29,-13.06145421,-11.68360207,0.105489949,0,0,0,1
Player 155,3260,-309.59,220.13,44.026,-9.496625767,-8.146134969,0.142207436,0,0,0,1
Player 156,3246,-551.28,151.11,30.222,-16.98336414,-16.05231054,0.054821506,0,0,0,1
Player 157,3228,-1056.46,230.9,46.18,-32.72800496,-31.29739777,0.043712019,0,0,0,1
Player 158,3201,113.81,331.89,66.378,3.555451421,5.629115901,0.583235217,1,1,1,1
Player 159,3171,-839.96,170.79,34.158,-26.48880479,-25.41160517,0.040666222,0,0,0,1
Player 160,3147,-273.37,187.85,37.57,-8.686685732,-7.492850334,0.137432783,0,0,0,1
Player 161,3120,-337.69,186.23,37.246,-10.82339744,-9.629615385,0.110296426,0,0,0,1
Player 162,3071,-187.89,189.75,37.95,-6.11820254,-4.882448714,0.201979882,0,0,0,1
Player 163,3060,-553.9,306.45,61.29,-18.10130719,-16.09836601,0.110651742,0,0,0,1
Player 164,3038,576.17,306.56,61.312,18.96543779,20.98360764,0.106413038,1,1,1,1
Player 165,3016,-2992.11,419.48,83.896,-99.20789125,-96.42619363,0.028039076,0,0,0,1
Player 166,2980,-663.38,307.62,61.524,-22.26107383,-20.19651007,0.092743224,0,0,0,1
Player 167,2964,-454.72,167.6,33.52,-15.3414305,-14.21052632,0.073715693,0,0,0,1
Player 168,2941,-453.31,164.5,32.9,-15.41346481,-14.29479769,0.072577265,0,0,0,1
Player 169,2904,64.85,224.36,44.872,2.233126722,3.778305785,0.691935235,1,1,1,1
Player 170,2881,-253.43,216.69,43.338,-8.796598403,-7.292329052,0.1710058,0,0,0,1
Player 171,2859,-489.82,160.12,32.024,-17.13256383,-16.01245191,0.065379118,0,0,0,1
Player 172,2840,-705.51,395.12,79.024,-24.84190141,-22.0593662,0.112009752,0,0,0,1
Player 173,2819,756.7,205.73,41.146,26.84285208,28.30244768,0.054375578,1,1,1,1
Player 174,2801,-1764.56,363.04,72.608,-62.99750089,-60.40528383,0.041147935,0,0,0,1
Player 175,2772,-16.41,184.16,36.832,-0.591991342,0.736724387,2.244485071,0,1,1,1
Player 176,2753,-559.06,183.65,36.73,-20.30730113,-18.97312023,0.065699567,0,0,0,1
Player 177,2743,-1250.34,181.11,36.222,-45.58293839,-44.26241342,0.02896972,0,0,0,1
Player 178,2731,-1241.78,299.47,59.894,-45.46979129,-43.27667521,0.048232376,0,0,0,1
Player 179,2698,308.73,279.15,55.83,11.44292068,13.51223128,0.180837625,1,1,1,1
Player 180,2672,485.89,285.76,57.152,18.18450599,20.32342814,0.11762333,1,1,1,1
Player 181,2663,-826.16,99.35,19.87,-31.02365753,-30.27750657,0.024051031,0,0,0,1
Player 182,2629,-431.61,197.62,39.524,-16.41726892,-14.91388361,0.091573411,0,0,0,1
Player 183,2614,-878.23,291.67,58.334,-33.59716909,-31.36557001,0.066422236,0,0,0,1
Player 184,2605,420.84,191.67,38.334,16.15508637,17.62664107,0.09108925,1,1,1,1
Player 185,2578,-46.34,155.21,31.042,-1.797517455,-0.593405741,0.669874838,0,0,0,1
Player 186,2558,282.62,154.22,30.844,11.04847537,12.25426114,0.109135942,1,1,1,1
Player 187,2532,-868.93,257.5,51.5,-34.31793049,-32.28396524,0.059268296,0,0,0,1
Player 188,2522,-749.08,297.02,59.404,-29.70182395,-27.34639175,0.079302611,0,0,0,1
Player 189,2508,-97.31,137.6,27.52,-3.879984051,-2.782695375,0.282807522,0,0,0,1
Player 190,2487,-353.22,169.2,33.84,-14.2026538,-12.84197829,0.095804314,0,0,0,1
Player 191,2473,-555.45,173.32,34.664,-22.4605742,-21.05887586,0.062407057,0,0,0,1
Player 192,2460,-77.65,163.13,32.626,-3.156504065,-1.830243902,0.420167418,0,0,0,1
Player 193,2436,353.47,274.42,54.884,14.51026273,16.76330049,0.155272017,1,1,1,1
Player 194,2420,-101.74,115.9,23.18,-4.204132231,-3.246280992,0.227835659,0,0,0,1
Player 195,2404,-546.12,149.94,29.988,-22.7171381,-21.46971714,0.054911008,0,0,0,1
Player 196,2388,-100.9,380.51,76.102,-4.225293132,-1.038442211,0.754231913,0,0,0,1
Player 197,2366,-1753.78,305.48,61.096,-74.12426036,-71.54201183,0.034836753,0,0,0,1
Player 198,2356,-676.59,161.1,32.22,-28.71774194,-27.35016978,0.047621159,0,0,0,1
Player 199,2327,-255.97,189.59,37.918,-11,-9.370519983,0.148134547,0,0,0,1
Player 200,2309,1874.48,349.73,69.946,81.18146384,84.21074058,0.037314882,1,1,1,1
Player 201,2285,-98.49,174.74,34.948,-4.310284464,-2.78083151,0.354838055,0,0,0,1
Player 202,2266,-1252.92,342.71,68.542,-55.29214475,-52.26734334,0.054705807,0,0,0,1
Player 203,2255,-402.83,175.78,35.156,-17.86385809,-16.3048337,0.087272547,0,0,0,1
Player 204,2241,-606.81,123.9,24.78,-27.07764391,-25.97188755,0.040836506,0,0,0,1
Player 205,2227,-48.87,189,37.8,-2.194431971,-0.497081275,0.773480663,0,0,0,1
Player 206,2216,-806.36,384.4,76.88,-36.38808664,-32.91877256,0.095342031,0,0,0,1
Player 207,2206,-488.56,113.57,22.714,-22.14687217,-21.11722575,0.046491731,0,0,0,1
Player 208,2189,-464.63,263.11,52.622,-21.22567382,-18.82174509,0.113255709,0,0,0,1
Player 209,2176,-898.75,280.22,56.044,-41.30284926,-38.72729779,0.062357719,0,0,0,1
Player 210,2155,-1036.72,117.59,23.518,-48.10765661,-47.01633411,0.022685006,0,0,0,1
Player 211,2142,-376.94,86.69,17.338,-17.59757236,-16.78814192,0.04599671,0,0,0,1
Player 212,2122,-1330.88,307.8,61.56,-62.71819039,-59.81715363,0.046255109,0,0,0,1
Player 213,2107,239.69,114.87,22.974,11.37588989,12.46625534,0.095848805,1,1,1,1
Player 214,2098,-530.38,175.95,35.19,-25.28026692,-23.6029552,0.066348655,0,0,0,1
Player 215,2089,-532.69,224.73,44.946,-25.49976065,-23.34820488,0.084375528,0,0,0,1
Player 216,2074,-269.44,246.93,49.386,-12.99132112,-10.61012536,0.183291271,0,0,0,1
Player 217,2063,7.84,214.79,42.958,0.380029084,2.462336403,5.479336732,1,1,1,1
Player 218,2051,-882.71,220.57,44.114,-43.03803023,-40.88717699,0.049975643,0,0,0,1
Player 219,2039,-729.87,93.67,18.734,-35.79548798,-34.87670427,0.025667584,0,0,0,1
Player 220,2031,-678.47,75.85,15.17,-33.40571147,-32.65878877,0.022359132,0,0,0,1
Player 221,2012,-1011.9,159.29,31.858,-50.29324056,-48.70984095,0.031483348,0,0,0,1
Player 222,1996,41.52,222.14,44.428,2.080160321,4.306012024,1.070038535,1,1,1,1
Player 223,1983,-553.76,168.06,33.612,-27.92536561,-26.23035804,0.060697775,0,0,0,1
Player 224,1969,-1363.84,294.02,58.804,-69.26561706,-66.27912646,0.043116495,0,0,0,1
Player 225,1958,154.28,128.93,25.786,7.879468846,9.196424923,0.167137672,1,1,1,1
Player 226,1943,-81.32,99.82,19.964,-4.185280494,-3.157797221,0.245499262,0,0,0,1
Player 227,1936,-484.55,192.79,38.558,-25.02840909,-23.03677686,0.079574863,0,0,0,1
Player 228,1924,-1125.68,312.14,62.428,-58.50727651,-55.26257796,0.055458034,0,0,0,1
Player 229,1911,-92.97,145.29,29.058,-4.864992151,-3.344427002,0.312552436,0,0,0,1
Player 230,1898,-506.5,161.52,32.304,-26.68598525,-24.98398314,0.063778875,0,0,0,1
Player 231,1885,-799.85,203.61,40.722,-42.43236074,-40.27204244,0.050912046,0,0,0,1
Player 232,1878,-313.72,89.3,17.86,-16.70500532,-15.75399361,0.056929746,0,0,0,1
Player 233,1864,-551.61,152.99,30.598,-29.59281116,-27.95128755,0.055470351,0,0,0,1
Player 234,1854,209.97,120.42,24.084,11.32524272,12.62427184,0.1147021,1,1,1,1
Player 235,1842,-332.18,136.34,27.268,-18.03365907,-16.55331162,0.082088025,0,0,0,1
Player 236,1830,-1416.45,356.55,71.31,-77.40163934,-73.50491803,0.05034417,0,0,0,1
Player 237,1820,-246.82,131.68,26.336,-13.56153846,-12.11450549,0.10670124,0,0,0,1
Player 238,1814,-352.12,118.35,23.67,-19.41124587,-18.10639471,0.067221402,0,0,0,1
Player 239,1806,-693.76,114.79,22.958,-38.41417497,-37.14296788,0.033092136,0,0,0,1
Player 240,1798,348.37,119.32,23.864,19.37541713,20.70266963,0.06850188,1,1,1,1
Player 241,1787,78.29,144.53,28.906,4.381085618,5.998656967,0.369217014,1,1,1,1
Player 242,1772,-954.95,111.63,22.326,-53.89108352,-52.63115124,0.023379235,0,0,0,1
Player 243,1762,-447.13,179.23,35.846,-25.37627696,-23.34188422,0.080169079,0,0,0,1
Player 244,1755,-261.53,107.54,21.508,-14.9019943,-13.67646724,0.082239131,0,0,0,1
Player 245,1742,-280.35,212.9,42.58,-16.09357061,-13.64925373,0.151881577,0,0,0,1
Player 246,1736,29.26,218.55,43.71,1.685483871,4.203341014,1.493848257,1,1,1,1
Player 247,1728,75.45,227.06,45.412,4.366319444,6.994328704,0.601882041,1,1,1,1
Player 248,1716,-336.33,174.3,34.86,-19.59965035,-17.56818182,0.103648203,0,0,0,1
Player 249,1709,-99.09,83.56,16.712,-5.79812756,-4.820245758,0.168654758,0,0,0,1
Player 250,1697,-117.33,141.56,28.312,-6.913965822,-5.2456099,0.24130231,0,0,0,1
Player 251,1684,-735.6,143.83,28.766,-43.68171021,-41.97351544,0.039105492,0,0,0,1
Player 252,1677,-665.01,185.36,37.072,-39.65474061,-37.44412642,0.05574653,0,0,0,1
Player 253,1671,-244.43,140.04,28.008,-14.6277678,-12.95164572,0.114584953,0,0,0,1
Player 254,1667,-281.9,63.85,12.77,-16.91061788,-16.14457109,0.045299752,0,0,0,1
Player 255,1659,-1140.79,125.56,25.112,-68.76371308,-67.25003014,0.022012816,0,0,0,1
Player 256,1653,293.87,136.28,27.256,17.77797943,19.42686025,0.092748494,1,1,1,1
Player 257,1643,-5.04,92.11,18.422,-0.306755934,0.814485697,3.655158733,0,1,1,1
Player 258,1626,-433.23,223.39,44.678,-26.64391144,-23.89618696,0.103127669,0,0,0,1
Player 259,1614,-722.28,162.27,32.454,-44.75092937,-42.7401487,0.044932713,0,0,0,1
Player 260,1609,-1156.17,300.14,60.028,-71.85643257,-68.12566812,0.0519197,0,0,0,1
Player 261,1602,-436.96,148.32,29.664,-27.27590512,-25.42421973,0.067887221,0,0,0,1
Player 262,1596,-209.88,82.78,16.556,-13.15037594,-12.11303258,0.078883171,0,0,0,1
Player 263,1587,-221.63,139.05,27.81,-13.96534342,-12.21298047,0.125479403,0,0,0,1
Player 264,1576,187.5,263.86,52.772,11.89720812,15.24568528,0.281450667,1,1,1,1
Player 265,1568,-289.64,75.21,15.042,-18.47193878,-17.51262755,0.051933435,0,0,0,1
Player 266,1562,-648.38,152.7,30.54,-41.50960307,-39.55441741,0.047102008,0,0,0,1
Player 267,1556,275.98,161.52,32.304,17.73650386,19.8125964,0.11705196,1,1,1,1
Player 268,1552,-198.67,109.33,21.866,-12.80090206,-11.39201031,0.110061912,0,0,0,1
Player 269,1545,574.64,139.02,27.804,37.19352751,38.99313916,0.048385076,1,1,1,1
Player 270,1531,-72.38,122.9,24.58,-4.727629001,-3.122142391,0.339596574,0,0,0,1
Player 271,1525,-244.04,184.29,36.858,-16.00262295,-13.58570492,0.151032617,0,0,0,1
Player 272,1517,-483.37,231.53,46.306,-31.86354647,-28.81107449,0.09579825,0,0,0,1
Player 273,1507,-869.93,182.22,36.444,-57.72594559,-55.30763106,0.041893026,0,0,0,1
Player 274,1499,87.79,108.59,21.718,5.856571047,7.305403602,0.247385807,1,1,1,1
Player 275,1492,-222.3,107.75,21.55,-14.89946381,-13.45509383,0.096941071,0,0,0,1
Player 276,1486,-170.34,149.3,29.86,-11.46298789,-9.453566622,0.175296466,0,0,0,1
Player 277,1481,-213.53,108.68,21.736,-14.41796084,-12.95030385,0.101793659,0,0,0,1
Player 278,1472,-404.75,100.31,20.062,-27.49660326,-26.13369565,0.049566399,0,0,0,1
Player 279,1466,-1116.05,120.61,24.122,-76.12892224,-74.4834925,0.021613727,0,0,0,1
Player 280,1462,-570.14,180.28,36.056,-38.99726402,-36.53105335,0.063240608,0,0,0,1
Player 281,1455,-457.46,113.83,22.766,-31.44054983,-29.87587629,0.0497661,0,0,0,1
Player 282,1448,-362.34,100.61,20.122,-25.02348066,-23.63383978,0.055533477,0,0,0,1
Player 283,1442,-62.12,140.66,28.132,-4.307905687,-2.357004161,0.452865422,0,0,0,1
Player 284,1438,-234.06,83.58,16.716,-16.2767733,-15.11432545,0.071417586,0,0,0,1
Player 285,1431,-50.1,66.49,13.298,-3.501048218,-2.571767994,0.265429142,0,0,0,1
Player 286,1423,-302.79,104.46,20.892,-21.27828531,-19.81011947,0.068998315,0,0,0,1
Player 287,1417,60.71,115.84,23.168,4.28440367,5.919407198,0.381617526,1,1,1,1
Player 288,1413,459.72,176.78,35.356,32.53503185,35.03722576,0.076907683,1,1,1,1
Player 289,1405,-580.3,266.08,53.216,-41.3024911,-37.51487544,0.091704291,0,0,0,1
Player 290,1402,-45.57,198.2,39.64,-3.250356633,-0.42296719,0.869870529,0,0,0,1
Player 291,1396,-716.88,223.73,44.746,-51.35243553,-48.14713467,0.062417699,0,0,0,1
Player 292,1391,-495.95,112.32,22.464,-35.65420561,-34.03925234,0.045294889,0,0,0,1
Player 293,1382,-568.06,128.13,25.626,-41.10419682,-39.24992764,0.045111432,0,0,0,1
Player 294,1376,-995,136.31,27.262,-72.31104651,-70.32979651,0.027398995,0,0,0,1
Player 295,1370,160.24,118.11,23.622,11.69635036,13.42058394,0.147416376,1,1,1,1
Player 296,1365,185.89,178.04,35.608,13.61831502,16.22695971,0.191554145,1,1,1,1
Player 297,1359,-671.47,74.77,14.954,-49.40912436,-48.30875644,0.022270541,0,0,0,1
Player 298,1354,-320.06,68.15,13.63,-23.63810931,-22.63146233,0.042585766,0,0,0,1
Player 299,1348,-366.73,75.37,15.074,-27.20548961,-26.08724036,0.041103809,0,0,0,1
Player 300,1343,-513.11,89.03,17.806,-38.20625465,-36.88041698,0.03470211,0,0,0,1
Player 301,1338,-216.24,194.23,38.846,-16.16143498,-13.25814649,0.179642989,0,0,0,1
Player 302,1331,-1743.17,215.21,43.042,-130.9669421,-127.733133,0.024691797,0,0,0,1
Player 303,1326,85.06,112.88,22.576,6.414781297,8.1173454,0.26541265,1,1,1,1
Player 304,1321,-27.46,110.53,22.106,-2.078728236,-0.405299016,0.805025492,0,0,0,1
Player 305,1314,88.84,218.97,43.794,6.761035008,10.09391172,0.492953624,1,1,1,1
Player 306,1307,-505.34,195.37,39.074,-38.6641163,-35.67452181,0.077322199,0,0,0,1
Player 307,1300,-141.14,56.96,11.392,-10.85692308,-9.980615385,0.080714185,0,0,0,1
Player 308,1294,287.42,77.94,15.588,22.21174652,23.41638331,0.054234222,1,1,1,1
Player 309,1290,-949.11,242.56,48.512,-73.5744186,-69.81379845,0.051113148,0,0,0,1
Player 310,1284,-35.2,94.43,18.886,-2.741433022,-1.270560748,0.536534091,0,0,0,1
Player 311,1280,-91.36,182.87,36.574,-7.1375,-4.28015625,0.400328371,0,0,0,1
Player 312,1275,176.8,154.26,30.852,13.86666667,16.28643137,0.174502262,1,1,1,1
Player 313,1269,-297.14,74.87,14.974,-23.41528763,-22.23530339,0.050393754,0,0,0,1
Player 314,1262,-68.07,111.86,22.372,-5.393819334,-3.621077655,0.328661672,0,0,0,1
Player 315,1259,-66.27,78.86,15.772,-5.26370135,-4.01096108,0.237996077,0,0,0,1
Player 316,1253,-405.98,190.21,38.042,-32.40063847,-29.36456504,0.093704124,0,0,0,1
Player 317,1248,96.69,120.44,24.088,7.747596154,9.677724359,0.249126073,1,1,1,1
Player 318,1244,-515.56,63.68,12.736,-41.4437299,-40.41993569,0.024703235,0,0,0,1
Player 319,1241,-149.98,122.88,24.576,-12.08541499,-10.10507655,0.163861848,0,0,0,1
Player 320,1234,31.24,122.31,24.462,2.531604538,4.513938412,0.783034571,1,1,1,1
Player 321,1228,-439.32,90.85,18.17,-35.7752443,-34.29560261,0.041359373,0,0,0,1
Player 322,1223,-87.28,148.97,29.794,-7.136549469,-4.700408831,0.341361137,0,0,0,1
Player 323,1218,688.45,144.98,28.996,56.52298851,58.90361248,0.042117801,1,1,1,1
Player 324,1213,-608.49,190.75,38.15,-50.16405606,-47.01896125,0.062696182,0,0,0,1
Player 325,1209,-375.75,109.16,21.832,-31.07940447,-29.27361456,0.058102462,0,0,0,1
Player 326,1206,266.43,124.48,24.896,22.0920398,24.15638474,0.093442931,1,1,1,1
Player 327,1203,-451.27,196.03,39.206,-37.5120532,-34.25303408,0.086879252,0,0,0,1
Player 328,1200,-33.59,99.73,19.946,-2.799166667,-1.137,0.593807681,0,0,0,1
Player 329,1192,158.33,160.94,32.188,13.28271812,15.98305369,0.203296911,1,1,1,1
Player 330,1185,384.29,129.78,25.956,32.42953586,34.61991561,0.067542741,1,1,1,1
Player 331,1182,-1274.69,181.99,36.398,-107.8417936,-104.7624365,0.028554394,0,0,0,1
Player 332,1177,-395.86,111.01,22.202,-33.63296517,-31.74664401,0.056085485,0,0,0,1
Player 333,1173,-596.03,115.8,23.16,-50.81244672,-48.83802217,0.038857104,0,0,0,1
Player 334,1171,-398.37,121.04,24.208,-34.01964133,-31.95234842,0.060767628,0,0,0,1
Player 335,1167,-136.67,120.04,24.008,-11.71122536,-9.653984576,0.175664008,0,0,0,1
Player 336,1164,-219.08,149.74,29.948,-18.82130584,-16.24845361,0.136698923,0,0,0,1
Player 337,1159,-827.65,58.7,11.74,-71.41069888,-70.39775669,0.01418474,0,0,0,1
Player 338,1155,-116.96,101.31,20.262,-10.12640693,-8.372121212,0.173238714,0,0,0,1
Player 339,1151,-382.41,100.1,20.02,-33.22415291,-31.48479583,0.052352187,0,0,0,1
Player 340,1147,-349.72,140.92,28.184,-30.48997384,-28.03278117,0.080590186,0,0,0,1
Player 341,1143,-320.44,85.54,17.108,-28.03499563,-26.53823272,0.05338909,0,0,0,1
Player 342,1138,11.07,229.61,45.922,0.972759227,5.008084359,4.148328816,1,1,1,1
Player 343,1134,-312.72,90.45,18.09,-27.57671958,-25.98148148,0.057847276,0,0,0,1
Player 344,1131,-261.97,60.27,12.054,-23.16268789,-22.09690539,0.046012903,0,0,0,1
Player 345,1126,-478.87,90.94,18.188,-42.52841918,-40.91314387,0.03798108,0,0,0,1
Player 346,1123,-311.34,138.34,27.668,-27.7239537,-25.2601959,0.088867476,0,0,0,1
Player 347,1119,-994.26,146.16,29.232,-88.85254692,-86.24021448,0.02940076,0,0,0,1
Player 348,1116,-442.35,84.27,16.854,-39.63709677,-38.12688172,0.038101051,0,0,0,1
Player 349,1113,-324.71,139.89,27.978,-29.17430368,-26.66055705,0.086163038,0,0,0,1
Player 350,1109,-611.92,108.19,21.638,-55.17763751,-53.22651037,0.035360831,0,0,0,1
Player 351,1105,63.15,83.28,16.656,5.714932127,7.222262443,0.263752969,1,1,1,1
Player 352,1101,-210.71,117.77,23.554,-19.13805631,-16.99872843,0.111783968,0,0,0,1
Player 353,1097,-621.6,125.84,25.168,-56.66362808,-54.36937101,0.040489061,0,0,0,1
Player 354,1094,219.02,58.71,11.742,20.02010969,21.09341865,0.053611542,1,1,1,1
Player 355,1091,-11.09,189.49,37.898,-1.016498625,2.457195234,3.417312895,0,1,1,1
Player 356,1086,-267.26,85.98,17.196,-24.60957643,-23.02615101,0.06434184,0,0,0,1
Player 357,1083,178.74,140.33,28.066,16.50415512,19.0956602,0.157021372,1,1,1,1
Player 358,1078,355.4,119.64,23.928,32.96846011,35.18812616,0.067326956,1,1,1,1
Player 359,1076,-555.56,78.34,15.668,-51.63197026,-50.17583643,0.028202174,0,0,0,1
Player 360,1072,-593.67,90.44,18.088,-55.37966418,-53.69235075,0.030468105,0,0,0,1
Player 361,1069,-474.77,152.86,30.572,-44.41253508,-41.55266604,0.064393285,0,0,0,1
Player 362,1065,151.65,64.55,12.91,14.23943662,15.45164319,0.085130234,1,1,1,1
Player 363,1062,189.74,64.08,12.816,17.86629002,19.07306968,0.067545062,1,1,1,1
Player 364,1055,-29,159.84,31.968,-2.748815166,0.281327014,1.102344828,0,1,1,1
Player 365,1054,218.66,73.39,14.678,20.74573055,22.13833017,0.067127047,1,1,1,1
Player 366,1049,-262.16,98.44,19.688,-24.9914204,-23.11458532,0.075099176,0,0,0,1
Player 367,1047,-788.56,249.92,49.984,-75.31614136,-70.54212034,0.063386426,0,0,0,1
Player 368,1044,-860.62,158.94,31.788,-82.4348659,-79.39003831,0.036936162,0,0,0,1
Player 369,1041,186.48,124.89,24.978,17.91354467,20.3129683,0.133944659,1,1,1,1
Player 370,1037,-214.49,178.18,35.636,-20.68370299,-17.24725169,0.166142944,0,0,0,1
Player 371,1034,409,83.58,16.716,39.55512573,41.17176015,0.040870415,1,1,1,1
Player 372,1029,-67.45,78.49,15.698,-6.554907677,-5.029348882,0.23273536,0,0,0,1
Player 373,1026,284.5,66.96,13.392,27.72904483,29.03430799,0.047072056,1,1,1,1
Player 374,1021,-1659.52,179,35.8,-162.5386876,-159.0323213,0.021572503,0,0,0,1
Player 375,1019,85.76,91.56,18.312,8.41609421,10.21315015,0.21352612,1,1,1,1
Player 376,1015,446.83,111.56,22.312,44.0226601,46.2208867,0.049933979,1,1,1,1
Player 377,1013,145.67,79.8,15.96,14.38005923,15.95557749,0.10956271,1,1,1,1
Player 378,1010,166.89,111.16,22.232,16.52376238,18.7249505,0.133213494,1,1,1,1
Player 379,1008,-348.55,47.94,9.588,-34.57837302,-33.62718254,0.027508249,0,0,0,1
Player 380,1004,-504.69,158.75,31.75,-50.26792829,-47.10557769,0.062909905,0,0,0,1
Player 381,1001,-436.96,65.63,13.126,-43.65234765,-42.34105894,0.030039363,0,0,0,1
Player 382,997,-8.68,108.32,21.664,-0.870611836,1.302306921,2.495852534,0,1,1,1
Player 383,995,122.68,79.94,15.988,12.32964824,13.93648241,0.130322791,1,1,1,1
Player 384,991,-6.78,118.84,23.768,-0.684157417,1.714228052,3.505604718,0,1,1,1
Player 385,988,-168.65,32.49,6.498,-17.06983806,-16.41214575,0.038529499,0,0,0,1
Player 386,985,112.68,91.32,18.264,11.43959391,13.29380711,0.162087327,1,1,1,1
Player 387,982,-163.3,187.49,37.498,-16.6293279,-12.8107943,0.229626454,0,0,0,1
Player 388,979,-450.48,75.76,15.152,-46.01430031,-44.46659857,0.033635234,0,0,0,1
Player 389,974,33.05,92.84,18.568,3.393223819,5.299589322,0.561815431,1,1,1,1
Player 390,970,-472.48,104.93,20.986,-48.70927835,-46.5457732,0.044416695,0,0,0,1
Player 391,968,-753.48,136.49,27.298,-77.83884298,-75.01880165,0.03622923,0,0,0,1
Player 392,963,216.52,43.08,8.616,22.48390447,23.37860852,0.039793091,1,1,1,1
Player 393,959,-601.94,167.96,33.592,-62.76746611,-59.26465068,0.055806226,0,0,0,1
Player 394,957,-151.29,74.28,14.856,-15.80877743,-14.25642633,0.098195519,0,0,0,1
Player 395,952,-878.28,185.64,37.128,-92.25630252,-88.35630252,0.042273535,0,0,0,1
Player 396,949,-1228.65,180.25,36.05,-129.4678609,-125.6691254,0.029341147,0,0,0,1
Player 397,945,-34.83,97.02,19.404,-3.685714286,-1.632380952,0.557105943,0,0,0,1
Player 398,942,-310.24,88.15,17.63,-32.93418259,-31.0626327,0.056826973,0,0,0,1
Player 399,941,-1257.02,165.87,33.174,-133.5834219,-130.0580234,0.026390988,0,0,0,1
Player 400,938,-240.84,113.29,22.658,-25.67590618,-23.26034115,0.094079057,0,0,0,1
Player 401,936,-122.69,111.62,22.324,-13.10790598,-10.72286325,0.181954519,0,0,0,1
Player 402,930,-577.21,78.94,15.788,-62.0655914,-60.36795699,0.027352263,0,0,0,1
Player 403,928,-261.99,92.59,18.518,-28.23168103,-26.2362069,0.070682087,0,0,0,1
Player 404,925,-191.45,50.98,10.196,-20.6972973,-19.59502703,0.053256725,0,0,0,1
Player 405,924,-27.36,148.26,29.652,-2.961038961,0.248051948,1.08377193,0,1,1,1
Player 406,922,-227.61,149.77,29.954,-24.68655098,-21.43774403,0.131602303,0,0,0,1
Player 407,918,-414.45,70.49,14.098,-45.14705882,-43.61132898,0.034016166,0,0,0,1
Player 408,915,270.05,66.65,13.33,29.5136612,30.9704918,0.049361229,1,1,1,1
Player 409,913,-729.05,137.07,27.414,-79.85213582,-76.84950712,0.037602359,0,0,0,1
Player 410,911,-122.65,86.88,17.376,-13.46322722,-11.55587267,0.141671422,0,0,0,1
Player 411,910,-293.12,47.66,9.532,-32.21098901,-31.16351648,0.032519105,0,0,0,1
Player 412,907,-72.14,89.75,17.95,-7.953693495,-5.974641676,0.248821735,0,0,0,1
Player 413,903,-908.39,219.47,43.894,-100.5968992,-95.73599114,0.048320655,0,0,0,1
Player 414,901,-348.8,71.82,14.364,-38.71254162,-37.11831299,0.041181193,0,0,0,1
Player 415,899,-463.77,92.12,18.424,-51.58731924,-49.53793103,0.039726589,0,0,0,1
Player 416,895,143.55,110.56,22.112,16.03910615,18.50972067,0.154036921,1,1,1,1
Player 417,892,-245.47,59.37,11.874,-27.5190583,-26.18789238,0.04837251,0,0,0,1
Player 418,890,-153.4,138.66,27.732,-17.23595506,-14.12,0.180782269,0,0,0,1
Player 419,888,-532.01,58.79,11.758,-59.91103604,-58.58693694,0.022101088,0,0,0,1
Player 420,885,-216.23,60.34,12.068,-24.43276836,-23.06915254,0.055810942,0,0,0,1
Player 421,880,-160.36,59.2,11.84,-18.22272727,-16.87727273,0.073833873,0,0,0,1
Player 422,879,-75.99,84.32,16.864,-8.645051195,-6.726507395,0.221923937,0,0,0,1
Player 423,877,170.51,33.13,6.626,19.44241733,20.19794755,0.038859891,1,1,1,1
Player 424,875,-544.95,138.49,27.698,-62.28,-59.11451429,0.050826681,0,0,0,1
Player 425,873,-109.22,44.01,8.802,-12.51088202,-11.50263459,0.080589636,0,0,0,1
Player 426,871,-63.77,47.52,9.504,-7.321469575,-6.230309989,0.149035597,0,0,0,1
Player 427,868,423.54,130.7,26.14,48.79493088,51.80645161,0.061717901,1,1,1,1
Player 428,867,-162.16,53.4,10.68,-18.70357555,-17.47174164,0.065860878,0,0,0,1
Player 429,864,-222.58,91.95,18.39,-25.76157407,-23.63310185,0.082621979,0,0,0,1
Player 430,863,-342.01,63.88,12.776,-39.63035921,-38.14994206,0.037355633,0,0,0,1
Player 431,860,-64.33,103.8,20.76,-7.480232558,-5.06627907,0.322711021,0,0,0,1
Player 432,858,-54.1,84.41,16.882,-6.305361305,-4.337762238,0.312051756,0,0,0,1
Player 433,855,-524.54,73.62,14.724,-61.3497076,-59.62760234,0.028070309,0,0,0,1
Player 434,852,-143.46,109.41,21.882,-16.83802817,-14.26971831,0.152530322,0,0,0,1
Player 435,850,54.78,62.48,12.496,6.444705882,7.914823529,0.22811245,1,1,1,1
Player 436,848,-166.02,174.14,34.828,-19.57783019,-15.47075472,0.209781954,0,0,0,1
Player 437,845,25.15,115.18,23.036,2.976331361,5.702485207,0.915944334,1,1,1,1
Player 438,843,-797.58,162.98,32.596,-94.61209964,-90.74543298,0.040868628,0,0,0,1
Player 439,842,-475.19,124.49,24.898,-56.43586698,-53.47885986,0.052395884,0,0,0,1
Player 440,838,-551.19,76.4,15.28,-65.77446301,-63.95107399,0.027721838,0,0,0,1
Player 441,836,-406.26,121.02,24.204,-48.59569378,-45.70047847,0.05957761,0,0,0,1
Player 442,834,-102.74,97.57,19.514,-12.31894484,-9.979136691,0.18993576,0,0,0,1
Player 443,832,-1458.7,198.01,39.602,-175.3245192,-170.5646635,0.027148831,0,0,0,1
Player 444,829,-487.43,157.73,31.546,-58.7973462,-54.9920386,0.064719037,0,0,0,1
Player 445,827,-15.09,80.52,16.104,-1.824667473,0.12261185,1.067196819,0,1,1,1
Player 446,823,220.51,61.92,12.384,26.79343864,28.2981774,0.056160718,1,1,1,1
Player 447,822,-450.55,78.68,15.736,-54.81143552,-52.89708029,0.034926201,0,0,0,1
Player 448,820,-39.12,87.45,17.49,-4.770731707,-2.637804878,0.44708589,0,0,0,1
Player 449,817,-144.58,85.18,17.036,-17.69645043,-15.61126071,0.117830959,0,0,0,1
Player 450,814,-157.29,40.73,8.146,-19.32309582,-18.32235872,0.051789688,0,0,0,1
Player 451,812,-194.36,108.61,21.722,-23.93596059,-21.26083744,0.111761679,0,0,0,1
Player 452,809,4.46,90.58,18.116,0.551297899,2.790605686,4.061883405,1,1,1,1
Player 453,806,-381.13,99.96,19.992,-47.2866005,-44.80620347,0.052454543,0,0,0,1
Player 454,803,-409.32,91.6,18.32,-50.97384807,-48.69240349,0.044757158,0,0,0,1
Player 455,801,-10.63,48.21,9.642,-1.327091136,-0.123345818,0.907055503,0,0,0,1
Player 456,799,-127.49,38.47,7.694,-15.95619524,-14.99324155,0.060349831,0,0,0,1
Player 457,797,-514.32,39.48,7.896,-64.53199498,-63.5412798,0.01535231,0,0,0,1
Player 458,795,-135.19,77.21,15.442,-17.00503145,-15.06264151,0.114224425,0,0,0,1
Player 459,794,-74.88,77.54,15.508,-9.430730479,-7.477581864,0.207104701,0,0,0,1
Player 460,792,-171.78,112.47,22.494,-21.68939394,-18.84924242,0.13094656,0,0,0,1
Player 461,790,-108.88,71.33,14.266,-13.78227848,-11.9764557,0.131024981,0,0,0,1
Player 462,787,47.19,49.95,9.99,5.996188056,7.265565438,0.211697393,1,1,1,1
Player 463,784,-747.99,123.86,24.772,-95.40688776,-92.24719388,0.03311809,0,0,0,1
Player 464,781,-256.81,29.82,5.964,-32.8822023,-32.11856594,0.023223395,0,0,0,1
Player 465,779,-337.11,60.36,12.072,-43.27471117,-41.72503209,0.03581027,0,0,0,1
Player 466,777,-620.24,114.33,22.866,-79.82496782,-76.88211068,0.036866374,0,0,0,1
Player 467,774,-73.74,72.19,14.438,-9.527131783,-7.661757106,0.19579604,0,0,0,1
Player 468,773,-626.08,66.94,13.388,-80.99353169,-79.26157827,0.021383849,0,0,0,1
Player 469,771,-462.18,70.34,14.068,-59.94552529,-58.12088197,0.030438357,0,0,0,1
Player 470,769,-337.45,127.44,25.488,-43.8816645,-40.56723017,0.07553119,0,0,0,1
Player 471,767,-114.64,71.01,14.202,-14.94654498,-13.09491525,0.123883462,0,0,0,1
Player 472,765,3.37,117.06,23.412,0.440522876,3.500915033,6.947181006,1,1,1,1
Player 473,764,-370.29,78.11,15.622,-48.46727749,-46.42251309,0.042188555,0,0,0,1
Player 474,762,-805.68,115.11,23.022,-105.7322835,-102.7110236,0.028574621,0,0,0,1
Player 475,761,16.4,54.05,10.81,2.155059133,3.575558476,0.659146341,1,1,1,1
Player 476,759,-1157.92,83.92,16.784,-152.5586298,-150.3472991,0.014494956,0,0,0,1
Player 477,756,-397.34,87.7,17.54,-52.55820106,-50.23809524,0.044143555,0,0,0,1
Player 478,754,-16.72,85.57,17.114,-2.217506631,0.052254642,1.023564593,0,1,1,1
Player 479,753,-136.85,66.5,13.3,-18.17397078,-16.40770252,0.097186701,0,0,0,1
Player 480,750,-181.57,29.28,5.856,-24.20933333,-23.42853333,0.032252024,0,0,0,1
Player 481,748,-161.63,48.8,9.76,-21.60828877,-20.30347594,0.060384829,0,0,0,1
Player 482,746,-309.02,38.76,7.752,-41.42359249,-40.3844504,0.025085755,0,0,0,1
Player 483,744,-252.64,29.98,5.996,-33.95698925,-33.15107527,0.023733376,0,0,0,1
Player 484,742,87.93,30.94,6.188,11.85040431,12.68436658,0.070374162,1,1,1,1
Player 485,740,5.54,90.81,18.162,0.748648649,3.202972973,3.278339348,1,1,1,1
Player 486,738,-322.62,58.32,11.664,-43.71544715,-42.13495935,0.036153989,0,0,0,1
Player 487,736,43.46,59.65,11.93,5.904891304,7.525815217,0.274505292,1,1,1,1
Player 488,734,-54.74,36.95,7.39,-7.457765668,-6.450953678,0.135001827,0,0,0,1
Player 489,733,-365.85,58.43,11.686,-49.91132333,-48.31705321,0.031942053,0,0,0,1
Player 490,731,128.21,60.17,12.034,17.53898769,19.18522572,0.093861633,1,1,1,1
Player 491,729,-474,85.54,17.108,-65.02057613,-62.67379973,0.036092827,0,0,0,1
Player 492,728,-203.02,39.52,7.904,-27.88736264,-26.80164835,0.038932125,0,0,0,1
Player 493,725,-30.8,92.45,18.49,-4.248275862,-1.697931034,0.600324675,0,0,0,1
Player 494,724,-555.11,54.67,10.934,-76.67265193,-75.16243094,0.019696997,0,0,0,1
Player 495,722,-113.33,156.3,31.26,-15.6966759,-11.36703601,0.275831642,0,0,0,1
Player 496,720,148.92,38.15,7.63,20.68333333,21.74305556,0.051235563,1,1,1,1
Player 497,719,249.99,105.18,21.036,34.76912378,37.69485396,0.084147366,1,1,1,1
Player 498,717,248.85,128.56,25.712,34.70711297,38.29316597,0.103323287,1,1,1,1
Player 499,714,672.86,114.19,22.838,94.23809524,97.43669468,0.033941682,1,1,1,1
Player 500,713,-27.88,74.17,14.834,-3.910238429,-1.82973352,0.532065997,0,0,0,1
Player 501,711,-677.8,107.89,21.578,-95.33052039,-92.29563994,0.03183535,0,0,0,1
Player 502,709,-110.51,100.62,20.124,-15.58674189,-12.748378,0.182101167,0,0,0,1
Player 503,708,-165.99,59.49,11.898,-23.44491525,-21.76440678,0.071679017,0,0,0,1
Player 504,707,-81.27,58.25,11.65,-11.4950495,-9.847241867,0.143349329,0,0,0,1
Player 505,705,32.4,65.2,13.04,4.595744681,6.445390071,0.402469136,1,1,1,1
Player 506,704,200.7,86.05,17.21,28.50852273,30.953125,0.085749875,1,1,1,1
Player 507,702,-10.48,97.81,19.562,-1.492877493,1.293732194,1.866603054,0,1,1,1
Player 508,700,281.66,72.28,14.456,40.23714286,42.30228571,0.051324292,1,1,1,1
Player 509,699,-504.15,77.51,15.502,-72.12446352,-69.90672389,0.030748785,0,0,0,1
Player 510,695,-223.34,140.87,28.174,-32.1352518,-28.08143885,0.126148473,0,0,0,1
Player 511,694,-106.53,41.65,8.33,-15.35014409,-14.14985591,0.078193936,0,0,0,1
Player 512,693,-113.35,40.09,8.018,-16.35642136,-15.1994228,0.070736657,0,0,0,1
Player 513,691,117.23,77.13,15.426,16.96526773,19.19768452,0.131587478,1,1,1,1
Player 514,690,-167.72,41.47,8.294,-24.30724638,-23.10521739,0.049451467,0,0,0,1
Player 515,689,-324.29,51.62,10.324,-47.06676343,-45.56835994,0.031835703,0,0,0,1
Player 516,686,-52.17,70.82,14.164,-7.604956268,-5.540233236,0.271497029,0,0,0,1
Player 517,685,-672.45,130.9,26.18,-98.16788321,-94.3459854,0.038932263,0,0,0,1
Player 518,683,-27.43,197.46,39.492,-4.016105417,1.766032211,1.439737514,0,1,1,1
Player 519,681,-546.19,33.8,6.76,-80.2041116,-79.21145374,0.012376646,0,0,0,1
Player 520,680,-193.67,72.38,14.476,-28.48088235,-26.35205882,0.074745701,0,0,0,1
Player 521,678,-216.47,165.31,33.062,-31.92772861,-27.05132743,0.15273248,0,0,0,1
Player 522,675,-18.16,49.46,9.892,-2.69037037,-1.224888889,0.544713656,0,0,0,1
Player 523,674,-342.41,62.65,12.53,-50.80267062,-48.94362018,0.036593557,0,0,0,1
Player 524,672,-309.03,58.27,11.654,-45.98660714,-44.25238095,0.037711549,0,0,0,1
Player 525,670,-97.17,79.63,15.926,-14.50298507,-12.12597015,0.163898322,0,0,0,1
Player 526,668,-582.91,62.61,12.522,-87.26197605,-85.38742515,0.021481875,0,0,0,1
Player 527,666,-350.16,44.17,8.834,-52.57657658,-51.25015015,0.025228467,0,0,0,1
Player 528,665,-261.78,35.8,7.16,-39.36541353,-38.2887218,0.027351211,0,0,0,1
Player 529,663,118.77,93.5,18.7,17.91402715,20.73453997,0.157447167,1,1,1,1
Player 530,661,-773.68,82.28,16.456,-117.0468986,-114.5573374,0.021269775,0,0,0,1
Player 531,660,-200.74,84.47,16.894,-30.41515152,-27.85545455,0.084158613,0,0,0,1
Player 532,659,-107.66,131.5,26.3,-16.33687405,-12.34597876,0.244287572,0,0,0,1
Player 533,657,-823.26,163.84,32.768,-125.3059361,-120.318417,0.039802736,0,0,0,1
Player 534,654,-119.53,60.74,12.148,-18.27675841,-16.41926606,0.101631389,0,0,0,1
Player 535,653,30.05,61.06,12.212,4.601837672,6.471975498,0.406389351,1,1,1,1
Player 536,651,-278.61,65.07,13.014,-42.79723502,-40.79815668,0.046710455,0,0,0,1
Player 537,649,232.06,44.65,8.93,35.75654854,37.13251156,0.038481427,1,1,1,1
Player 538,647,-484.49,101.21,20.242,-74.88253478,-71.75394127,0.041780016,0,0,0,1
Player 539,646,-223.01,57.81,11.562,-34.52167183,-32.73188854,0.051845209,0,0,0,1
Player 540,644,578.76,86.85,17.37,89.86956522,92.56677019,0.03001244,1,1,1,1
Player 541,642,-52.35,45.58,9.116,-8.154205607,-6.734267913,0.174135626,0,0,0,1
Player 542,641,-289.18,54.04,10.808,-45.11388456,-43.42776911,0.037374646,0,0,0,1
Player 543,639,3.73,65.06,13.012,0.58372457,2.620031299,3.488471847,1,1,1,1
Player 544,638,-109.03,76.84,15.368,-17.08934169,-14.68056426,0.140952032,0,0,0,1
Player 545,636,-4.98,32.89,6.578,-0.783018868,0.251257862,1.320883535,0,1,1,1
Player 546,634,-214.52,131.1,26.22,-33.83596215,-29.70031546,0.122226366,0,0,0,1
Player 547,633,-390.7,59.21,11.842,-61.72195893,-59.85118483,0.030309701,0,0,0,1
Player 548,631,-240.16,42.72,8.544,-38.06022187,-36.70618067,0.035576282,0,0,0,1
Player 549,630,-113.76,66.48,13.296,-18.05714286,-15.94666667,0.116877637,0,0,0,1
Player 550,629,-816.8,86.13,17.226,-129.8569157,-127.118283,0.021089618,0,0,0,1
Player 551,628,-278.83,63.7,12.74,-44.39968153,-42.37101911,0.045690923,0,0,0,1
Player 552,626,1.45,35.29,7.058,0.231629393,1.359105431,4.867586205,1,1,1,1
Player 553,625,-136.4,41.36,8.272,-21.824,-20.50048,0.060645161,0,0,0,1
Player 554,624,-294.98,47.7,9.54,-47.2724359,-45.74358974,0.032341176,0,0,0,1
Player 555,622,-134.23,62.6,12.52,-21.58038585,-19.56752412,0.093272741,0,0,0,1
Player 556,621,80.32,62.5,12.5,12.93397746,14.9468599,0.155627489,1,1,1,1
Player 557,620,-35.11,56.36,11.272,-5.662903226,-3.84483871,0.321048134,0,0,0,1
Player 558,619,-233.4,42.73,8.546,-37.70597738,-36.32536349,0.036615253,0,0,0,1
Player 559,617,-92.43,45.44,9.088,-14.98055105,-13.5076175,0.098323055,0,0,0,1
Player 560,616,-128.04,26.02,5.204,-20.78571429,-19.94090909,0.040643549,0,0,0,1
Player 561,615,616.57,153.7,30.74,100.2552846,105.2536585,0.049856463,1,1,1,1
Player 562,613,20.03,47.99,9.598,3.267536705,4.833278956,0.479181228,1,1,1,1
Player 563,611,-40.53,49.75,9.95,-6.633387889,-5.004909984,0.245497163,0,0,0,1
Player 564,611,-32.48,59.15,11.83,-5.315875614,-3.379705401,0.364224138,0,0,0,1
Player 565,609,-461.8,37.99,7.598,-75.82922824,-74.5816092,0.01645301,0,0,0,1
Player 566,608,-666.35,69.54,13.908,-109.5970395,-107.3095395,0.020871914,0,0,0,1
Player 567,607,-53.39,52.82,10.564,-8.795716639,-7.055354201,0.197864769,0,0,0,1
Player 568,606,37.76,52.91,10.582,6.231023102,7.977227723,0.280243644,1,1,1,1
Player 569,604,432.45,90.22,18.044,71.59768212,74.58509934,0.041725055,1,1,1,1
Player 570,602,-74.17,51.66,10.332,-12.32059801,-10.60431894,0.139301604,0,0,0,1
Player 571,601,-385.53,58.28,11.656,-64.14808652,-62.20865225,0.030233704,0,0,0,1
Player 572,600,-451.5,101.3,20.26,-75.25,-71.87333333,0.044872647,0,0,0,1
Player 573,599,-606.52,130.8,26.16,-101.2554257,-96.88814691,0.043131306,0,0,0,1
Player 574,598,-41.71,29.65,5.93,-6.974916388,-5.983277592,0.142172141,0,0,0,1
Player 575,596,159.93,132.77,26.554,26.83389262,31.28926174,0.16603514,1,1,1,1
Player 576,595,-34.58,90.98,18.196,-5.811764706,-2.753613445,0.526200116,0,0,0,1
Player 577,594,-70.77,104.42,20.884,-11.91414141,-8.398316498,0.295096792,0,0,0,1
Player 578,592,-494.13,79,15.8,-83.46790541,-80.79898649,0.031975391,0,0,0,1
Player 579,591,91.55,86.64,17.328,15.49069374,18.42267343,0.189273621,1,1,1,1
Player 580,590,-219.36,33.17,6.634,-37.17966102,-36.05525424,0.030242524,0,0,0,1
Player 581,589,-229.21,58.87,11.774,-38.91511036,-36.91612903,0.051367742,0,0,0,1
Player 582,588,145.64,56.24,11.248,24.76870748,26.68163265,0.07723153,1,1,1,1
Player 583,587,-26.59,27.39,5.478,-4.529812606,-3.596592845,0.2060173,0,0,0,1
Player 584,586,-81.96,103.98,20.796,-13.98634812,-10.43754266,0.253733529,0,0,0,1
Player 585,585,-51.01,105.18,21.036,-8.71965812,-5.123760684,0.412389728,0,0,0,1
Player 586,584,-411.11,35.78,7.156,-70.39554795,-69.17020548,0.017406534,0,0,0,1
Player 587,583,-459.65,62.66,12.532,-78.84219554,-76.69262436,0.027264223,0,0,0,1
Player 588,582,-666.01,50.6,10.12,-114.4347079,-112.6958763,0.015194967,0,0,0,1
Player 589,581,-226.87,35.71,7.142,-39.04819277,-37.81893287,0.031480584,0,0,0,1
Player 590,580,-139.99,41.67,8.334,-24.1362069,-22.69931034,0.059532824,0,0,0,1
Player 591,579,-179.86,68.32,13.664,-31.06390328,-28.70397237,0.075970199,0,0,0,1
Player 592,578,-11.2,76.71,15.342,-1.937716263,0.716608997,1.369821429,0,1,1,1
Player 593,576,215.11,55.96,11.192,37.34548611,39.28854167,0.052029194,1,1,1,1
Player 594,574,-77.29,33.9,6.78,-13.46515679,-12.28397213,0.087721567,0,0,0,1
Player 595,573,-383.91,24.62,4.924,-67,-66.14066318,0.012825923,0,0,0,1
Player 596,572,156.41,59.13,11.826,27.34440559,29.41188811,0.075608977,1,1,1,1
Player 597,570,-275.28,49,9.8,-48.29473684,-46.5754386,0.035600116,0,0,0,1
Player 598,568,-401.64,53.79,10.758,-70.71126761,-68.81725352,0.026785181,0,0,0,1
Player 599,567,-170.57,27.43,5.486,-30.08289242,-29.11534392,0.032162748,0,0,0,1
Player 600,566,-132.49,39.33,7.866,-23.40812721,-22.01837456,0.059370519,0,0,0,1
Player 601,565,-319.64,45.78,9.156,-56.57345133,-54.95292035,0.028644725,0,0,0,1
Player 602,563,338.62,142.1,28.42,60.14564831,65.19360568,0.083928888,1,1,1,1
Player 603,562,260.51,56.75,11.35,46.35409253,48.37366548,0.043568385,1,1,1,1
Player 604,561,-714.43,172.79,34.558,-127.3493761,-121.1893048,0.048371429,0,0,0,1
Player 605,560,-318.67,72.65,14.53,-56.90535714,-54.31071429,0.045595757,0,0,0,1
Player 606,559,-203.85,100.46,20.092,-36.46690519,-32.8726297,0.098562669,0,0,0,1
Player 607,557,74.23,95.89,19.178,13.32675045,16.76983842,0.258359154,1,1,1,1
Player 608,556,-46.41,26.33,5.266,-8.347122302,-7.4,0.113466925,0,0,0,1
Player 609,555,-93.3,77.02,15.404,-16.81081081,-14.03531532,0.165101822,0,0,0,1
Player 610,554,-61.8,43.28,8.656,-11.15523466,-9.592779783,0.140064725,0,0,0,1
Player 611,553,-567.28,66,13.2,-102.5822785,-100.1952984,0.023268932,0,0,0,1
Player 612,551,149.06,71.32,14.264,27.05263158,29.64137931,0.095693009,1,1,1,1
Player 613,550,-103.53,30.59,6.118,-18.82363636,-17.71127273,0.059093982,0,0,0,1
Player 614,549,-474.77,70.47,14.094,-86.47905282,-83.91183971,0.029685953,0,0,0,1
Player 615,547,-486.96,42.55,8.51,-89.023766,-87.46800731,0.017475768,0,0,0,1
Player 616,546,-420.9,50.18,10.036,-77.08791209,-75.24981685,0.023844144,0,0,0,1
Player 617,544,-809.03,104.7,20.94,-148.71875,-144.8694853,0.025882847,0,0,0,1
Player 618,544,-306.47,74.18,14.836,-56.33639706,-53.60919118,0.048409306,0,0,0,1
Player 619,542,114.03,21.44,4.288,21.03874539,21.8298893,0.037604139,1,1,1,1
Player 620,541,84.16,60.36,12.072,15.55637708,17.78780037,0.143441065,1,1,1,1
Player 621,540,-226.54,80.56,16.112,-41.95185185,-38.96814815,0.071122098,0,0,0,1
Player 622,540,-52.5,40.06,8.012,-9.722222222,-8.238518519,0.152609524,0,0,0,1
Player 623,539,-152.95,36.88,7.376,-28.37662338,-27.00816327,0.04822491,0,0,0,1
Player 624,538,-48.29,146.33,29.266,-8.975836431,-3.53605948,0.606046801,0,0,0,1
Player 625,537,-236.5,82.73,16.546,-44.04096834,-40.95977654,0.069961945,0,0,0,1
Player 626,536,-617.95,59.84,11.968,-115.2891791,-113.0563433,0.019367263,0,0,0,1
Player 627,535,-241.15,42.42,8.484,-45.07476636,-43.48897196,0.035181423,0,0,0,1
Player 628,534,-615.27,49.5,9.9,-115.2191011,-113.3651685,0.016090497,0,0,0,1
Player 629,533,-52.03,25.47,5.094,-9.761726079,-8.806003752,0.097905055,0,0,0,1
Player 630,532,-206.64,50.19,10.038,-38.84210526,-36.95526316,0.048577236,0,0,0,1
Player 631,531,-319.08,50.5,10.1,-60.09039548,-58.18832392,0.031653504,0,0,0,1
Player 632,530,-435.31,129.11,25.822,-82.13396226,-77.26188679,0.059318646,0,0,0,1
Player 633,530,-363.21,62.83,12.566,-68.53018868,-66.15924528,0.034597065,0,0,0,1
Player 634,529,-33.67,60.85,12.17,-6.364839319,-4.064272212,0.361449361,0,0,0,1
Player 635,528,84.45,53.08,10.616,15.99431818,18.00492424,0.125707519,1,1,1,1
Player 636,527,-272.18,60.78,12.156,-51.64705882,-49.34041746,0.044661621,0,0,0,1
Player 637,526,-182.68,34.61,6.922,-34.73003802,-33.41406844,0.037891395,0,0,0,1
Player 638,525,-132.05,51.81,10.362,-25.15238095,-23.17866667,0.078470276,0,0,0,1
Player 639,524,-130.33,53.06,10.612,-24.8721374,-22.84694656,0.081424077,0,0,0,1
Player 640,523,-234.65,43.28,8.656,-44.86615679,-43.21108987,0.036888984,0,0,0,1
Player 641,521,333.64,35.25,7.05,64.03838772,65.3915547,0.02113056,1,1,1,1
Player 642,520,35.59,37.62,7.524,6.844230769,8.291153846,0.211407699,1,1,1,1
Player 643,519,-306.1,66.66,13.332,-58.97880539,-56.41001927,0.043554394,0,0,0,1
Player 644,518,-435.61,54.6,10.92,-84.09459459,-81.98648649,0.025068295,0,0,0,1
Player 645,517,75.88,25.86,5.172,14.67698259,15.67736944,0.068160253,1,1,1,1
Player 646,516,-63.73,72.03,14.406,-12.35077519,-9.558914729,0.226047387,0,0,0,1
Player 647,516,154.35,34.62,6.924,29.9127907,31.25465116,0.044859086,1,1,1,1
Player 648,514,162.1,90.33,18.066,31.53696498,35.05175097,0.111449722,1,1,1,1
Player 649,514,242.47,61.09,12.218,47.17315175,49.55019455,0.050389739,1,1,1,1
Player 650,513,-293.66,104.42,20.884,-57.24366472,-53.17270955,0.071116257,0,0,0,1
Player 651,513,-162.43,54.29,10.858,-31.66276803,-29.54619883,0.066847257,0,0,0,1
Player 652,512,-9.78,44.69,8.938,-1.91015625,-0.164453125,0.91390593,0,0,0,1
Player 653,512,49.96,35.33,7.066,9.7578125,11.13789063,0.141433147,1,1,1,1
Player 654,511,-80.8,84.09,16.818,-15.81213307,-12.52093933,0.208143565,0,0,0,1
Player 655,510,-298.83,79.86,15.972,-58.59411765,-55.46235294,0.053448449,0,0,0,1
Player 656,509,-352.01,32.14,6.428,-69.15717092,-67.89430255,0.018260845,0,0,0,1
Player 657,508,161.7,31.43,6.286,31.83070866,33.06811024,0.038874459,1,1,1,1
Player 658,507,99.52,18.48,3.696,19.62919132,20.3581854,0.037138264,1,1,1,1
Player 659,507,-252.45,62.33,12.466,-49.79289941,-47.33412229,0.049380075,0,0,0,1
Player 660,506,-112.73,73.06,14.612,-22.27865613,-19.39090909,0.129619445,0,0,0,1
Player 661,505,-200.05,42.71,8.542,-39.61386139,-37.92237624,0.042699325,0,0,0,1
Player 662,504,-161.64,42.16,8.432,-32.07142857,-30.3984127,0.052165306,0,0,0,1
Player 663,503,-281.47,34.73,6.946,-55.9582505,-54.57733598,0.024677586,0,0,0,1
Player 664,502,-78.27,83.27,16.654,-15.59163347,-12.27410359,0.212776287,0,0,0,1
Player 665,502,-128.94,25.95,5.19,-25.68525896,-24.65139442,0.04025128,0,0,0,1
Player 666,500,20.11,58.59,11.718,4.022,6.3656,0.582695177,1,1,1,1
Player 667,500,-144.72,32,6.4,-28.944,-27.664,0.044223328,0,0,0,1
Player 668,499,-13.89,40.83,8.166,-2.783567134,-1.147094188,0.587904968,0,0,0,1
Player 669,498,-536.01,57.82,11.564,-107.6325301,-105.3104418,0.021574224,0,0,0,1
Player 670,497,68.89,70.21,14.042,13.861167,16.68651911,0.203832196,1,1,1,1
Player 671,496,131.79,64.57,12.914,26.57056452,29.17419355,0.097989225,1,1,1,1
Player 672,495,32.89,68.17,13.634,6.644444444,9.398787879,0.414533293,1,1,1,1
Player 673,494,-315.07,44.13,8.826,-63.77935223,-61.99271255,0.028012823,0,0,0,1
Player 674,493,183.44,56.22,11.244,37.20892495,39.48965517,0.061295246,1,1,1,1
Player 675,492,-280.43,52.34,10.468,-56.99796748,-54.8703252,0.037328389,0,0,0,1
Player 676,492,-324.48,77.05,15.41,-65.95121951,-62.81910569,0.047491371,0,0,0,1
Player 677,491,42.87,45.55,9.11,8.731160896,10.58655804,0.212502915,1,1,1,1
Player 678,490,-163.08,45.15,9.03,-33.28163265,-31.43877551,0.055371597,0,0,0,1
Player 679,488,-221.94,37.01,7.402,-45.4795082,-43.96270492,0.033351356,0,0,0,1
Player 680,486,59.65,61.84,12.368,12.27366255,14.81851852,0.207342833,1,1,1,1
Player 681,485,-273.08,23.05,4.61,-56.30515464,-55.35463918,0.0168815,0,0,0,1
Player 682,485,-129.31,55.85,11.17,-26.66185567,-24.35876289,0.086381564,0,0,0,1
Player 683,483,-208.66,36.19,7.238,-43.20082816,-41.70227743,0.034688009,0,0,0,1
Player 684,483,-319.4,55.94,11.188,-66.12836439,-63.81200828,0.035028178,0,0,0,1
Player 685,482,93.52,42.87,8.574,19.40248963,21.1813278,0.091680924,1,1,1,1
Player 686,481,-69.83,61.95,12.39,-14.51767152,-11.94178794,0.177430904,0,0,0,1
Player 687,481,-159.64,44.33,8.866,-33.18918919,-31.34594595,0.055537459,0,0,0,1
Player 688,480,-246.29,23.14,4.628,-51.31041667,-50.34625,0.018790856,0,0,0,1
Player 689,479,-422,32.7,6.54,-88.10020877,-86.7348643,0.01549763,0,0,0,1
Player 690,478,-152.89,13.58,2.716,-31.98535565,-31.41715481,0.017764406,0,0,0,1
Player 691,477,-21.6,39.57,7.914,-4.528301887,-2.86918239,0.366388889,0,0,0,1
Player 692,476,194.45,34.2,6.84,40.85084034,42.28781513,0.035176138,1,1,1,1
Player 693,475,562.37,115.31,23.062,118.3936842,123.2488421,0.041008589,1,1,1,1
Player 694,474,-307.02,17.83,3.566,-64.7721519,-64.01983122,0.011614879,0,0,0,1
Player 695,473,-71.16,41.8,8.36,-15.04439746,-13.2769556,0.117481731,0,0,0,1
Player 696,472,-907.09,26.23,5.246,-192.1800847,-191.0686441,0.005783329,0,0,0,1
Player 697,472,-495.76,95.2,19.04,-105.0338983,-101,0.03840568,0,0,0,1
Player 698,471,-495.82,41.13,8.226,-105.2696391,-103.5231423,0.016590698,0,0,0,1
Player 699,470,30.81,21.55,4.31,6.555319149,7.472340426,0.139889646,1,1,1,1
Player 700,470,-329.48,86.47,17.294,-70.10212766,-66.42255319,0.05248877,0,0,0,1
Player 701,469,-189.82,32.75,6.55,-40.47334755,-39.07675906,0.034506375,0,0,0,1
Player 702,468,-158.18,34.94,6.988,-33.7991453,-32.30598291,0.044177519,0,0,0,1
Player 703,467,-113.01,109.24,21.848,-24.19914347,-19.52077088,0.193328024,0,0,0,1
Player 704,466,-196.06,28.97,5.794,-42.07296137,-40.82961373,0.029552178,0,0,0,1
Player 705,465,-556.36,35.82,7.164,-119.6473118,-118.1066667,0.012876554,0,0,0,1
Player 706,464,-289.76,36.57,7.314,-62.44827586,-60.87198276,0.025241579,0,0,0,1
Player 707,463,-265.76,38.04,7.608,-57.39956803,-55.75637149,0.028627333,0,0,0,1
Player 708,463,-91.17,25.97,5.194,-19.69114471,-18.56933045,0.056970495,0,0,0,1
Player 709,462,474.37,105.23,21.046,102.6774892,107.2329004,0.044366211,1,1,1,1
Player 710,461,-5.98,41.53,8.306,-1.297180043,0.504555315,1.388963211,0,1,1,1
Player 711,460,-681.4,67.45,13.49,-148.1304348,-145.1978261,0.019797476,0,0,0,1
Player 712,459,61.93,37.91,7.582,13.49237473,15.14422658,0.122428548,1,1,1,1
Player 713,459,-301.33,73.68,14.736,-65.64923747,-62.43877996,0.048903196,0,0,0,1
Player 714,458,-73.03,36.91,7.382,-15.94541485,-14.33362445,0.101081748,0,0,0,1
Player 715,457,5.55,72.25,14.45,1.214442013,4.376367615,2.603603604,1,1,1,1
Player 716,456,-85.55,85.42,17.084,-18.76096491,-15.01447368,0.199696084,0,0,0,1
Player 717,456,-402.31,53.17,10.634,-88.22587719,-85.89385965,0.026432353,0,0,0,1
Player 718,455,-507.12,17.81,3.562,-111.4549451,-110.6720879,0.007023979,0,0,0,1
Player 719,454,-133.87,75.71,15.142,-29.48678414,-26.15154185,0.113109733,0,0,0,1
Player 720,453,-206.26,29.48,5.896,-45.53200883,-44.23046358,0.028585281,0,0,0,1
Player 721,453,-210.61,43.21,8.642,-46.49227373,-44.58454746,0.041033189,0,0,0,1
Player 722,452,-183.2,61.58,12.316,-40.53097345,-37.80619469,0.067227074,0,0,0,1
Player 723,451,-245.08,71.34,14.268,-54.34146341,-51.17782705,0.058217725,0,0,0,1
Player 724,450,51.13,52.95,10.59,11.36222222,13.71555556,0.207119109,1,1,1,1
Player 725,449,-189.87,25.91,5.182,-42.28730512,-41.13318486,0.027292358,0,0,0,1
Player 726,449,-90.3,44.74,8.948,-20.11135857,-18.11848552,0.099091916,0,0,0,1
Player 727,448,-264.14,34.91,6.982,-58.95982143,-57.40133929,0.026432952,0,0,0,1
Player 728,447,-273.31,55.2,11.04,-61.14317673,-58.67337808,0.040393692,0,0,0,1
Player 729,447,-131.67,73.53,14.706,-29.45637584,-26.16644295,0.111688312,0,0,0,1
Player 730,446,-366.36,80.81,16.162,-82.14349776,-78.51973094,0.044115078,0,0,0,1
Player 731,445,-157.26,31.01,6.202,-35.33932584,-33.94561798,0.039437873,0,0,0,1
Player 732,444,-37.41,25.09,5.018,-8.425675676,-7.295495495,0.134135258,0,0,0,1
Player 733,443,-63.47,61.01,12.202,-14.32731377,-11.57291196,0.192248307,0,0,0,1
Player 734,443,-14.97,28.03,5.606,-3.379232506,-2.113769752,0.374482298,0,0,0,1
Player 735,442,108.01,53.85,10.77,24.43665158,26.87330317,0.09971299,1,1,1,1
Player 736,441,-143.89,31.69,6.338,-32.62811791,-31.19092971,0.044047536,0,0,0,1
Player 737,441,-306.33,43.42,8.684,-69.46258503,-67.49342404,0.028348513,0,0,0,1
Player 738,440,-46.39,59.06,11.812,-10.54318182,-7.858636364,0.254623841,0,0,0,1
Player 739,439,-464.53,85.36,17.072,-105.8154897,-101.9266515,0.036751124,0,0,0,1
Player 740,438,188.27,58.16,11.632,42.98401826,45.63972603,0.061783609,1,1,1,1
Player 741,438,128.89,46.06,9.212,29.42694064,31.53013699,0.071471798,1,1,1,1
Player 742,437,-197.75,38.31,7.662,-45.25171625,-43.49839817,0.038745891,0,0,0,1
Player 743,436,-81.29,28.09,5.618,-18.64449541,-17.3559633,0.069110592,0,0,0,1
Player 744,435,-156.49,31.08,6.216,-35.97471264,-34.54574713,0.039721388,0,0,0,1
Player 745,435,244.06,47.46,9.492,56.10574713,58.28781609,0.038892076,1,1,1,1
Player 746,434,-107.67,46.42,9.284,-24.80875576,-22.66958525,0.086226433,0,0,0,1
Player 747,433,-296.94,37.17,7.434,-68.57736721,-66.86050808,0.025035361,0,0,0,1
Player 748,432,137.37,47,9.4,31.79861111,33.97453704,0.068428332,1,1,1,1
Player 749,431,-134.05,20.91,4.182,-31.10208817,-30.13178654,0.031197315,0,0,0,1
Player 750,430,-56.38,35.64,7.128,-13.11162791,-11.45395349,0.126427811,0,0,0,1
Player 751,430,-71.41,40.49,8.098,-16.60697674,-14.72372093,0.113401484,0,0,0,1
Player 752,429,-63.29,14.97,2.994,-14.75291375,-14.05501166,0.047306051,0,0,0,1
Player 753,428,-442.79,50.2,10.04,-103.4556075,-101.1098131,0.022674406,0,0,0,1
Player 754,427,-670.38,50.43,10.086,-156.9976581,-154.6355972,0.015045198,0,0,0,1
Player 755,426,173.34,30.23,6.046,40.69014085,42.10938967,0.034879428,1,1,1,1
Player 756,426,-315.51,40.29,8.058,-74.06338028,-72.17183099,0.025539602,0,0,0,1
Player 757,425,-401.73,53.69,10.738,-94.52470588,-91.99811765,0.026729395,0,0,0,1
Player 758,425,145.02,74.64,14.928,34.12235294,37.63482353,0.102937526,1,1,1,1
Player 759,424,409.62,53.53,10.706,96.60849057,99.13349057,0.026136419,1,1,1,1
Player 760,423,196.36,37.38,7.476,46.42080378,48.18817967,0.038072927,1,1,1,1
Player 761,422,26.43,68,13.6,6.263033175,9.485781991,0.51456678,1,1,1,1
Player 762,421,-31.8,34.63,6.926,-7.553444181,-5.908313539,0.217798742,0,0,0,1
Player 763,420,-1165.32,90.47,18.094,-277.4571429,-273.1490476,0.015527066,0,0,0,1
Player 764,419,-186.54,27.89,5.578,-44.5202864,-43.18902148,0.029902434,0,0,0,1
Player 765,419,-101.65,39.92,7.984,-24.2601432,-22.35465394,0.078544024,0,0,0,1
Player 766,418,-17.1,62.44,12.488,-4.090909091,-1.103349282,0.730292398,0,0,0,1
Player 767,417,-282.55,47.46,9.492,-67.75779376,-65.48153477,0.033594054,0,0,0,1
Player 768,416,-307.06,53.06,10.612,-73.8125,-71.26153846,0.034560021,0,0,0,1
Player 769,415,465.56,100.96,20.192,112.1831325,117.0486747,0.043371424,1,1,1,1
Player 770,415,60.23,31.38,6.276,14.51325301,16.02554217,0.104200565,1,1,1,1
Player 771,415,-279.06,48.29,9.658,-67.24337349,-64.91614458,0.034609045,0,0,0,1
Player 772,414,66.68,36.21,7.242,16.10628019,17.85555556,0.108608279,1,1,1,1
Player 773,413,-114.72,22.96,4.592,-27.77723971,-26.6653753,0.040027894,0,0,0,1
Player 774,412,199.62,69.25,13.85,48.45145631,51.8131068,0.069381826,1,1,1,1
Player 775,411,-60.07,60.37,12.074,-14.61557178,-11.67785888,0.200998835,0,0,0,1
Player 776,410,-97.33,73.53,14.706,-23.73902439,-20.15219512,0.151094216,0,0,0,1
Player 777,409,-391.98,31.14,6.228,-95.83863081,-94.31589242,0.015888566,0,0,0,1
Player 778,409,-149.42,28.09,5.618,-36.53300733,-35.1594132,0.037598715,0,0,0,1
Player 779,408,-72.41,51.36,10.272,-17.74754902,-15.22990196,0.141858859,0,0,0,1
Player 780,407,-297.18,86.93,17.386,-73.01719902,-68.74545455,0.058503264,0,0,0,1
Player 781,406,-228.96,74.59,14.918,-56.39408867,-52.71970443,0.065155486,0,0,0,1
Player 782,405,218.27,63.18,12.636,53.89382716,57.01382716,0.057891602,1,1,1,1
Player 783,405,-145.82,27.83,5.566,-36.00493827,-34.63061728,0.038170347,0,0,0,1
Player 784,405,28.79,49.35,9.87,7.108641975,9.545679012,0.342827371,1,1,1,1
Player 785,405,-293.07,53.97,10.794,-72.36296296,-69.69777778,0.036830791,0,0,0,1
Player 786,404,-340.25,70.28,14.056,-84.22029703,-80.74108911,0.041310801,0,0,0,1
Player 787,403,177.25,50.77,10.154,43.98263027,46.50223325,0.057286319,1,1,1,1
Player 788,403,454.6,42.35,8.47,112.8039702,114.9057072,0.018631764,1,1,1,1
Player 789,402,-118.38,36.78,7.356,-29.44776119,-27.61791045,0.062138875,0,0,0,1
Player 790,401,-100.7,18.77,3.754,-25.11221945,-24.17605985,0.037279047,0,0,0,1
Player 791,401,-6.11,35.76,7.152,-1.523690773,0.259850374,1.170540098,0,1,1,1
Player 792,400,-254.81,39.78,7.956,-63.7025,-61.7135,0.031223264,0,0,0,1
Player 793,400,206.27,83.43,16.686,51.5675,55.739,0.080893974,1,1,1,1
Player 794,399,-240.21,15.33,3.066,-60.20300752,-59.43458647,0.012763832,0,0,0,1
Player 795,399,-204.85,33.27,6.654,-51.34085213,-49.67318296,0.032482304,0,0,0,1
Player 796,398,-137.61,60.84,12.168,-34.57537688,-31.51809045,0.088423806,0,0,0,1
Player 797,397,-100.95,45.77,9.154,-25.42821159,-23.12241814,0.090678554,0,0,0,1
Player 798,396,-493.24,64.55,12.91,-124.5555556,-121.2954545,0.026173871,0,0,0,1
Player 799,396,-158.03,56.41,11.282,-39.90656566,-37.05757576,0.071391508,0,0,0,1
Player 800,396,158.54,26.54,5.308,40.03535354,41.37575758,0.03348051,1,1,1,1
Player 801,395,-231.87,53.31,10.662,-58.70126582,-56.00202532,0.045982663,0,0,0,1
Player 802,394,-461.13,11.57,2.314,-117.0380711,-116.4507614,0.005018108,0,0,0,1
Player 803,394,-121.97,27.63,5.526,-30.95685279,-29.55431472,0.045306223,0,0,0,1
Player 804,393,-761.91,134.54,26.908,-193.870229,-187.0234097,0.035316507,0,0,0,1
Player 805,392,-544.79,42.29,8.458,-138.9770408,-136.8193878,0.015525248,0,0,0,1
Player 806,391,184.63,25.93,5.186,47.21994885,48.54629156,0.02808861,1,1,1,1
Player 807,391,-282.41,66.81,13.362,-72.22762148,-68.81023018,0.047314189,0,0,0,1
Player 808,390,-169.51,18.28,3.656,-43.46410256,-42.52666667,0.021568049,0,0,0,1
Player 809,389,-102.17,51.02,10.204,-26.26478149,-23.64164524,0.099872761,0,0,0,1
Player 810,389,87.95,31.44,6.288,22.6092545,24.22570694,0.071495168,1,1,1,1
Player 811,388,-217.88,52.22,10.444,-56.15463918,-53.4628866,0.047934643,0,0,0,1
Player 812,388,-28.81,34.05,6.81,-7.425257732,-5.670103093,0.236376258,0,0,0,1
Player 813,387,-150.29,54.38,10.876,-38.83462532,-36.02428941,0.072366757,0,0,0,1
Player 814,386,60.32,70.89,14.178,15.62694301,19.3,0.235046419,1,1,1,1
Player 815,386,-277.25,30.94,6.188,-71.82642487,-70.22331606,0.022319207,0,0,0,1
Player 816,385,-163.3,37.17,7.434,-42.41558442,-40.48467532,0.045523576,0,0,0,1
Player 817,384,396.96,67.04,13.408,103.375,106.8666667,0.033776703,1,1,1,1
Player 818,384,-214.36,20.45,4.09,-55.82291667,-54.7578125,0.019080052,0,0,0,1
Player 819,383,65.53,69.23,13.846,17.10966057,20.72480418,0.211292538,1,1,1,1
Player 820,383,-667.84,51.25,10.25,-174.3707572,-171.694517,0.015347987,0,0,0,1
Player 821,382,-87.93,24.23,4.846,-23.01832461,-21.74973822,0.055112021,0,0,0,1
Player 822,382,-55.41,28.29,5.658,-14.5052356,-13.02408377,0.102111532,0,0,0,1
Player 823,381,-98.91,42.51,8.502,-25.96062992,-23.72913386,0.08595693,0,0,0,1
Player 824,380,-78.8,16.6,3.32,-20.73684211,-19.86315789,0.04213198,0,0,0,1
Player 825,379,115.49,54.6,10.92,30.47229551,33.35356201,0.094553641,1,1,1,1
Player 826,378,-108.81,58.87,11.774,-28.78571429,-25.67089947,0.108206966,0,0,0,1
Player 827,378,-71.64,91.65,18.33,-18.95238095,-14.1031746,0.255862647,0,0,0,1
Player 828,377,-652.19,41.47,8.294,-172.994695,-170.794695,0.012717153,0,0,0,1
Player 829,377,-97.59,31.96,6.392,-25.88594164,-24.19045093,0.065498514,0,0,0,1
Player 830,376,116.14,26.11,5.222,30.88829787,32.27712766,0.044962976,1,1,1,1
Player 831,375,-161.7,46.21,9.242,-43.12,-40.65546667,0.057155226,0,0,0,1
Player 832,374,-168.03,68.96,13.792,-44.92780749,-41.24010695,0.082080581,0,0,0,1
Player 833,374,-334.91,24.73,4.946,-89.54812834,-88.22566845,0.014768147,0,0,0,1
Player 834,373,-42,80.37,16.074,-11.26005362,-6.950670241,0.382714286,0,0,0,1
Player 835,372,-64.16,53.44,10.688,-17.24731183,-14.37419355,0.166583541,0,0,0,1
Player 836,372,-180.4,30.5,6.1,-48.49462366,-46.85483871,0.033813747,0,0,0,1
Player 837,371,-389.54,34.42,6.884,-104.9973046,-103.141779,0.017672126,0,0,0,1
Player 838,371,-193.42,30.08,6.016,-52.13477089,-50.51320755,0.031103298,0,0,0,1
Player 839,370,-428.99,37.6,7.52,-115.9432432,-113.9108108,0.017529546,0,0,0,1
Player 840,370,16.14,29.22,5.844,4.362162162,5.941621622,0.362081785,1,1,1,1
Player 841,369,141.27,69.5,13.9,38.28455285,42.05149051,0.098393148,1,1,1,1
Player 842,369,176.74,42.44,8.488,47.89701897,50.19728997,0.048025348,1,1,1,1
Player 843,368,-164.64,23.82,4.764,-44.73913043,-43.44456522,0.02893586,0,0,0,1
Player 844,368,-215.21,39.13,7.826,-58.48097826,-56.35434783,0.036364481,0,0,0,1
Player 845,368,17.79,29.58,5.916,4.83423913,6.441847826,0.332546374,1,1,1,1
Player 846,367,-222.76,26.38,5.276,-60.69754768,-59.2599455,0.023684683,0,0,0,1
Player 847,366,-41.82,24.16,4.832,-11.42622951,-10.10601093,0.115542803,0,0,0,1
Player 848,366,-225.98,56.93,11.386,-61.7431694,-58.63224044,0.05038499,0,0,0,1
Player 849,366,-338.87,31.87,6.374,-92.58743169,-90.84590164,0.018809573,0,0,0,1
Player 850,365,-4.67,46.9,9.38,-1.279452055,1.290410959,2.00856531,0,1,1,1
Player 851,365,-388.99,58.84,11.768,-106.5726027,-103.3484932,0.030252705,0,0,0,1
Player 852,364,208.51,45.52,9.104,57.28296703,59.78406593,0.043662174,1,1,1,1
Player 853,364,172.09,35.39,7.078,47.27747253,49.22197802,0.041129641,1,1,1,1
Player 854,363,-426.85,43.16,8.632,-117.5895317,-115.2115702,0.020222561,0,0,0,1
Player 855,363,-66.97,55.49,11.098,-18.44903581,-15.39173554,0.165715992,0,0,0,1
Player 856,362,278.44,47.36,9.472,76.91712707,79.53370166,0.034018101,1,1,1,1
Player 857,361,-258.69,19.67,3.934,-71.65927978,-70.56952909,0.015207391,0,0,0,1
Player 858,360,-127.16,31.07,6.214,-35.32222222,-33.59611111,0.048867568,0,0,0,1
Player 859,360,-439.49,63.62,12.724,-122.0805556,-118.5461111,0.02895174,0,0,0,1
Player 860,359,-297.21,15.43,3.086,-82.78830084,-81.92869081,0.010383231,0,0,0,1
Player 861,358,63.38,20.94,4.188,17.70391061,18.87374302,0.066077627,1,1,1,1
Player 862,357,-221.56,48.08,9.616,-62.06162465,-59.36806723,0.043401336,0,0,0,1
Player 863,357,-156.73,23.75,4.75,-43.90196078,-42.57142857,0.030306897,0,0,0,1
Player 864,357,235.54,49.51,9.902,65.97759104,68.7512605,0.042039569,1,1,1,1
Player 865,356,-350.37,46.76,9.352,-98.41853933,-95.79157303,0.026691783,0,0,0,1
Player 866,356,-11.25,19.47,3.894,-3.16011236,-2.066292135,0.346133333,0,0,0,1
Player 867,355,-30.61,22.85,4.57,-8.622535211,-7.335211268,0.149297615,0,0,0,1
Player 868,354,-94.82,18.48,3.696,-26.78531073,-25.74124294,0.038979118,0,0,0,1
Player 869,354,-71.67,44.34,8.868,-20.24576271,-17.74067797,0.12373378,0,0,0,1
Player 870,354,-165.7,67.53,13.506,-46.8079096,-42.99265537,0.081508751,0,0,0,1
Player 871,353,-244,36.05,7.21,-69.12181303,-67.07932011,0.02954918,0,0,0,1
Player 872,353,-398.32,40.17,8.034,-112.8385269,-110.5626062,0.020169713,0,0,0,1
Player 873,352,-77.81,31.68,6.336,-22.10511364,-20.30511364,0.081429122,0,0,0,1
Player 874,352,32.21,36.1,7.22,9.150568182,11.20170455,0.22415399,1,1,1,1
Player 875,351,-326.57,19.04,3.808,-93.03988604,-91.95498575,0.011660593,0,0,0,1
Player 876,350,-148.44,35.22,7.044,-42.41142857,-40.39885714,0.047453517,0,0,0,1
Player 877,350,4.85,36.53,7.306,1.385714286,3.473142857,1.506391752,1,1,1,1
Player 878,349,-231.8,35.85,7.17,-66.41833811,-64.36389685,0.030931838,0,0,0,1
Player 879,349,-84.49,18.96,3.792,-24.20916905,-23.1226361,0.044881051,0,0,0,1
Player 880,348,32.8,45.26,9.052,9.425287356,12.02643678,0.27597561,1,1,1,1
Player 881,348,31.78,40.8,8.16,9.132183908,11.47701149,0.256765261,1,1,1,1
Player 882,347,-163.48,29.12,5.824,-47.11239193,-45.43400576,0.035625153,0,0,0,1
Player 883,347,-166.56,27.98,5.596,-48,-46.38731988,0.033597503,0,0,0,1
Player 884,346,-144.65,31.84,6.368,-41.80635838,-39.96589595,0.044023505,0,0,0,1
Player 885,346,-267.5,52.75,10.55,-77.31213873,-74.26300578,0.039439252,0,0,0,1
Player 886,345,-414.08,21.23,4.246,-120.0231884,-118.7924638,0.010254057,0,0,0,1
Player 887,345,-247.5,54.3,10.86,-71.73913043,-68.59130435,0.043878788,0,0,0,1
Player 888,344,74.59,42.06,8.412,21.68313953,24.12848837,0.112776512,1,1,1,1
Player 889,344,-12.68,26.87,5.374,-3.686046512,-2.123837209,0.423817035,0,0,0,1
Player 890,343,-303.54,34.44,6.888,-88.49562682,-86.48746356,0.022692232,0,0,0,1
Player 891,342,-109.75,26.52,5.304,-32.09064327,-30.53976608,0.048328018,0,0,0,1
Player 892,342,-317.64,31.86,6.372,-92.87719298,-91.01403509,0.020060446,0,0,0,1
Player 893,342,-496.79,43.55,8.71,-145.2602339,-142.7134503,0.017532559,0,0,0,1
Player 894,341,95.6,35.65,7.13,28.03519062,30.12609971,0.07458159,1,1,1,1
Player 895,341,-76.83,21.69,4.338,-22.53079179,-21.25865103,0.056462319,0,0,0,1
Player 896,340,-28.39,68.9,13.78,-8.35,-4.297058824,0.485382177,0,0,0,1
Player 897,340,-291.95,55.9,11.18,-85.86764706,-82.57941176,0.038294229,0,0,0,1
Player 898,339,-138.27,24.47,4.894,-40.78761062,-39.3439528,0.035394518,0,0,0,1
Player 899,339,-133.9,21.86,4.372,-39.49852507,-38.20884956,0.032651232,0,0,0,1
Player 900,338,-93.11,27.26,5.452,-27.54733728,-25.93431953,0.058554398,0,0,0,1
Player 901,338,-381.86,22.85,4.57,-112.9763314,-111.6242604,0.011967737,0,0,0,1
Player 902,337,-210.14,61.84,12.368,-62.35608309,-58.68605341,0.058856001,0,0,0,1
Player 903,337,-214.46,30.47,6.094,-63.6379822,-61.82967359,0.028415555,0,0,0,1
Player 904,336,105.66,33.43,6.686,31.44642857,33.43630952,0.06327844,1,1,1,1
Player 905,336,-50.59,13.73,2.746,-15.05654762,-14.23928571,0.054279502,0,0,0,1
Player 906,335,-83.02,28.17,5.634,-24.78208955,-23.10029851,0.067863165,0,0,0,1
Player 907,335,-98.9,33.85,6.77,-29.52238806,-27.50149254,0.068452983,0,0,0,1
Player 908,334,-152.51,33.61,6.722,-45.66167665,-43.6491018,0.044075798,0,0,0,1
Player 909,334,-87.96,35.24,7.048,-26.33532934,-24.2251497,0.080127331,0,0,0,1
Player 910,333,-178.25,36.2,7.24,-53.52852853,-51.35435435,0.040617111,0,0,0,1
Player 911,332,46.13,33.79,6.758,13.89457831,15.93012048,0.146499025,1,1,1,1
Player 912,332,-214.15,19.84,3.968,-64.50301205,-63.30783133,0.018529068,0,0,0,1
Player 913,331,-239.91,23.77,4.754,-72.48036254,-71.04410876,0.019815764,0,0,0,1
Player 914,331,-223.23,119.04,23.808,-67.44108761,-60.24833837,0.106652332,0,0,0,1
Player 915,331,-89.72,24.46,4.892,-27.10574018,-25.62779456,0.05452519,0,0,0,1
Player 916,330,-43.16,15.24,3.048,-13.07878788,-12.15515152,0.070620945,0,0,0,1
Player 917,330,195.11,52.1,10.42,59.12424242,62.28181818,0.053405771,1,1,1,1
Player 918,329,150.07,30.16,6.032,45.61398176,47.44741641,0.040194576,1,1,1,1
Player 919,329,-338.7,42.93,8.586,-102.9483283,-100.3386018,0.025349868,0,0,0,1
Player 920,328,-78.4,44.81,8.962,-23.90243902,-21.17012195,0.114311224,0,0,0,1
Player 921,328,131.42,36.63,7.326,40.06707317,42.30060976,0.05574494,1,1,1,1
Player 922,327,-97.51,33.7,6.74,-29.81957187,-27.75840979,0.069121116,0,0,0,1
Player 923,327,7.58,90.48,18.096,2.318042813,7.851987768,2.387335093,1,1,1,1
Player 924,326,-32.51,50.37,10.074,-9.972392638,-6.882208589,0.309873885,0,0,0,1
Player 925,326,40.73,36.6,7.32,12.49386503,14.7392638,0.179720108,1,1,1,1
Player 926,325,65.06,22,4.4,20.01846154,21.37230769,0.06762988,1,1,1,1
Player 927,325,-158,73.92,14.784,-48.61538462,-44.06646154,0.09356962,0,0,0,1
Player 928,325,-24.91,31.5,6.3,-7.664615385,-5.726153846,0.252910478,0,0,0,1
Player 929,324,-272.08,18.97,3.794,-83.97530864,-82.80432099,0.013944428,0,0,0,1
Player 930,324,241.35,44.62,8.924,74.49074074,77.24506173,0.036975347,1,1,1,1
Player 931,323,-152.87,20.99,4.198,-47.32817337,-46.02848297,0.027461242,0,0,0,1
Player 932,323,-241.97,26.59,5.318,-74.91331269,-73.26687307,0.021977931,0,0,0,1
Player 933,322,-45.81,20.6,4.12,-14.22670807,-12.94720497,0.089936695,0,0,0,1
Player 934,322,-224.84,9.45,1.89,-69.82608696,-69.23913043,0.008405978,0,0,0,1
Player 935,322,-362.95,24.97,4.994,-112.7173913,-111.1664596,0.013759471,0,0,0,1
Player 936,321,-412.23,43.06,8.612,-128.4205607,-125.7376947,0.02089125,0,0,0,1
Player 937,321,-2,17.39,3.478,-0.62305296,0.460436137,1.738999999,0,1,1,1
Player 938,320,-77.97,7.83,1.566,-24.365625,-23.87625,0.020084648,0,0,0,1
Player 939,320,-127.67,23.07,4.614,-39.896875,-38.455,0.036140049,0,0,0,1
Player 940,319,-358.21,39.94,7.988,-112.2915361,-109.7874608,0.022299769,0,0,0,1
Player 941,319,-409.61,39.36,7.872,-128.4043887,-125.9366771,0.019218281,0,0,0,1
Player 942,318,-114.79,32.87,6.574,-36.09748428,-34.03018868,0.057269797,0,0,0,1
Player 943,318,-65.56,41.88,8.376,-20.6163522,-17.98238994,0.12776083,0,0,0,1
Player 944,317,-174.12,26.63,5.326,-54.92744479,-53.24731861,0.0305881,0,0,0,1
Player 945,317,16.31,16.69,3.338,5.14511041,6.198107256,0.204659718,1,1,1,1
Player 946,316,-54.14,38.5,7.7,-17.13291139,-14.69620253,0.142223864,0,0,0,1
Player 947,316,-323.59,29.08,5.816,-102.4018987,-100.5613924,0.017973361,0,0,0,1
Player 948,316,-249.42,42.4,8.48,-78.93037975,-76.24683544,0.033998877,0,0,0,1
Player 949,316,-36.87,43.53,8.706,-11.66772152,-8.912658228,0.236126933,0,0,0,1
Player 950,315,-145.06,52.47,10.494,-46.05079365,-42.71936508,0.072342479,0,0,0,1
Player 951,315,-158.14,28.04,5.608,-50.2031746,-48.42285714,0.035462249,0,0,0,1
Player 952,314,-449.2,57.1,11.42,-143.0573248,-139.4203822,0.025422974,0,0,0,1
Player 953,314,-121.59,24.25,4.85,-38.72292994,-37.17834395,0.039888149,0,0,0,1
Player 954,314,-466.61,75.34,15.068,-148.6019108,-143.8031847,0.032292493,0,0,0,1
Player 955,313,-143.35,44.96,8.992,-45.79872204,-42.92587859,0.06272759,0,0,0,1
Player 956,313,5.04,26.77,5.354,1.610223642,3.320766773,1.062301587,1,1,1,1
Player 957,312,-346.04,40.95,8.19,-110.9102564,-108.2852564,0.023667784,0,0,0,1
Player 958,312,-208.79,25.7,5.14,-66.91987179,-65.2724359,0.024618037,0,0,0,1
Player 959,311,327.42,57.32,11.464,105.2797428,108.9659164,0.035013133,1,1,1,1
Player 960,311,161.99,36.41,7.282,52.08681672,54.42829582,0.044953392,1,1,1,1
Player 961,311,-400.21,49.68,9.936,-128.6848875,-125.4900322,0.024826966,0,0,0,1
Player 962,310,191.84,29.45,5.89,61.88387097,63.78387097,0.030702669,1,1,1,1
Player 963,310,94.83,35.34,7.068,30.59032258,32.87032258,0.074533376,1,1,1,1
Player 964,309,257.72,39.1,7.82,83.40453074,85.93527508,0.030343008,1,1,1,1
Player 965,309,53.85,23.87,4.774,17.42718447,18.97216828,0.088653667,1,1,1,1
Player 966,309,-474.48,121.59,24.318,-153.5533981,-145.6834951,0.051251897,0,0,0,1
Player 967,308,-333.11,20.7,4.14,-108.1525974,-106.8084416,0.012428327,0,0,0,1
Player 968,308,203.41,47.86,9.572,66.04220779,69.15,0.047057667,1,1,1,1
Player 969,307,-254.96,26.38,5.276,-83.04885993,-81.33029316,0.020693442,0,0,0,1
Player 970,307,-79.88,21.62,4.324,-26.01954397,-24.61107492,0.054131197,0,0,0,1
Player 971,306,61.37,50.16,10.032,20.05555556,23.33398693,0.163467492,1,1,1,1
Player 972,306,-26.42,24.63,4.926,-8.633986928,-7.024183007,0.186449659,0,0,0,1
Player 973,305,-0.54,56.25,11.25,-0.17704918,3.51147541,20.83333337,0,1,1,1
Player 974,305,-11.77,74.86,14.972,-3.859016393,1.049836066,1.272047579,0,1,1,1
Player 975,305,-134.33,25.99,5.198,-44.04262295,-42.33836066,0.038695749,0,0,0,1
Player 976,304,144.78,59.12,11.824,47.625,51.51447368,0.081668739,1,1,1,1
Player 977,304,-67.05,26.6,5.32,-22.05592105,-20.30592105,0.079343773,0,0,0,1
Player 978,303,-55.23,42.4,8.48,-18.22772277,-15.4290429,0.153539743,0,0,0,1
Player 979,303,-331.75,35.07,7.014,-109.4884488,-107.1735974,0.021142426,0,0,0,1
Player 980,302,-63.4,21.4,4.28,-20.99337748,-19.57615894,0.067507886,0,0,0,1
Player 981,302,-190.18,32.57,6.514,-62.97350993,-60.81655629,0.034251761,0,0,0,1
Player 982,302,123.61,31.22,6.244,40.93046358,42.99801325,0.050513713,1,1,1,1
Player 983,301,-120.01,36.56,7.312,-39.87043189,-37.44119601,0.060928256,0,0,0,1
Player 984,301,-120.99,38.4,7.68,-40.19601329,-37.64451827,0.06347632,0,0,0,1
Player 985,301,247.54,31.35,6.27,82.23920266,84.32225914,0.02532924,1,1,1,1
Player 986,300,-231.26,18.73,3.746,-77.08666667,-75.838,0.016198218,0,0,0,1
Player 987,300,-229.02,30.6,6.12,-76.34,-74.3,0.026722557,0,0,0,1
Player 988,299,-132.23,21.74,4.348,-44.22408027,-42.76989967,0.032882099,0,0,0,1
Player 989,299,-65.71,25.09,5.018,-21.97658863,-20.29832776,0.07636585,0,0,0,1
Player 990,298,-203.32,37.78,7.556,-68.22818792,-65.69261745,0.037163093,0,0,0,1
Player 991,298,87.83,39.56,7.912,29.47315436,32.12818792,0.090083115,1,1,1,1
Player 992,298,-66.03,33.04,6.608,-22.15771812,-19.94026846,0.100075723,0,0,0,1
Player 993,297,-27.6,16.16,3.232,-9.292929293,-8.204713805,0.117101449,0,0,0,1
Player 994,297,-92.02,36.24,7.248,-30.98316498,-28.54276094,0.078765486,0,0,0,1
Player 995,297,-404.41,37.19,7.438,-136.1649832,-133.6606061,0.018392226,0,0,0,1
Player 996,296,-197.43,13.06,2.612,-66.69932432,-65.81689189,0.013230006,0,0,0,1
Player 997,296,202.89,33.5,6.7,68.54391892,70.80743243,0.03302282,1,1,1,1
Player 998,296,209.29,68.2,13.64,70.70608108,75.31418919,0.065172727,1,1,1,1
Player 999,295,-105.99,30.53,6.106,-35.92881356,-33.85898305,0.057609208,0,0,0,1
Player 1000,295,-154.06,22.48,4.496,-52.22372881,-50.69966102,0.029183435,0,0,0,1
