Player,Hands,Result,RakePaid,1kRakeback,5kRakeback,>5kRakeback,Cumulative,winrate,Rbwinrate,rbeffect,Reg,PlayerType,RBReg,RB_PlayerType
Player 1,298644,2285.47,17668.05,100,1000,5067.22,6167.22,0.76528241,2.830356545,2.698447147,1,1,1,1
Player 2,232879,4353.83,14217.46,100,1000,3686.984,4786.98,1.869567458,3.925132794,1.099487118,1,1,1,1
Player 3,207342,1398.22,15216.04,100,1000,4086.416,5186.42,0.674354448,3.175738635,3.709301827,1,1,1,1
Player 4,183272,5522.98,10412.41,100,1000,2164.964,3264.96,3.013542712,4.795025972,0.591159121,1,1,1,1
Player 5,164829,5251.84,10028.26,100,1000,2011.304,3111.3,3.186235432,5.073828028,0.592420942,1,1,1,1
Player 6,151340,-4219.88,9521.62,100,1000,1808.648,2908.65,-2.788344126,-0.866413374,0.689273155,0,0,0,0
Player 7,135260,-1266.09,8013.54,100,1000,1205.416,2305.42,-0.936041697,0.768394204,1.820897409,0,0,1,1
Player 8,121810,619.81,6077.25,100,1000,430.9,1530.9,0.508833429,1.765626796,2.469950469,1,1,1,1
Player 9,116073,7424.76,7549.29,100,1000,1019.716,2119.72,6.396629707,8.222825291,0.285493403,1,1,1,1
Player 10,105798,-3341.22,9304.83,100,1000,1721.932,2821.93,-3.15811263,-0.490831585,0.844580722,0,0,0,0
Player 11,100012,-5441.75,7927.77,100,1000,1171.108,2271.11,-5.441097068,-3.170259569,0.417349198,0,0,0,0
Player 12,96065,2772.77,5535.16,100,1000,214.064,1314.06,2.886347785,4.254234112,0.473915976,1,1,1,1
Player 13,90754,4721.63,6419.24,100,1000,567.696,1667.7,5.202668753,7.040273707,0.353204296,1,1,1,1
Player 14,86538,1525.43,7394.05,100,1000,957.62,2057.62,1.762728512,4.140435416,1.348878677,1,1,1,1
Player 15,79122,-517.63,4876.82,100,969.205,0,1069.21,-0.654217537,0.697125957,2.065587389,0,0,1,1
Player 16,76695,1696.39,5264.79,100,1000,105.916,1205.92,2.21186518,3.784223222,0.710874268,1,1,1,1
Player 17,73433,3146.97,5034.48,100,1000,13.792,1113.79,4.285498345,5.802241499,0.353924569,1,1,1,1
Player 18,71864,2326.6,3929.21,100,732.3025,0,832.3,3.237504175,4.395664032,0.357732313,1,1,1,1
Player 19,68261,3910.44,5196.63,100,1000,78.652,1178.65,5.728659117,7.455340531,0.301411094,1,1,1,1
Player 20,65556,-2377.63,4275.9,100,818.975,0,918.98,-3.626868631,-2.225044237,0.386510937,0,0,0,0
Player 21,63089,1178.42,3157.23,100,539.3075,0,639.31,1.867869201,2.881215426,0.542514553,1,1,1,1
Player 22,60852,-3250.43,3364.31,100,591.0775,0,691.08,-5.341533557,-4.20586012,0.21261187,0,0,0,0
Player 23,58842,-1210.19,2852.15,100,463.0375,0,563.04,-2.056677203,-1.09980966,0.465249258,0,0,0,0
Player 24,56292,2842.61,3677.06,100,669.265,0,769.27,5.049758403,6.416329141,0.270621014,1,1,1,1
Player 25,52616,-1696.51,2234.27,100,308.5675,0,408.57,-3.2243234,-2.447810552,0.240829703,0,0,0,0
Player 26,50466,-134.98,2494.44,100,373.61,0,473.61,-0.267467206,0.671006222,3.508742036,0,0,1,1
Player 27,48721,283.13,3213.46,100,553.365,0,653.37,0.581125182,1.922169085,2.307667856,1,1,1,1
Player 28,45514,142.67,2417.76,100,354.44,0,454.44,0.313463989,1.311926001,3.185252681,1,1,1,1
Player 29,43122,368.82,2463.98,100,365.995,0,466,0.855294281,1.935949167,1.263488965,1,1,1,1
Player 30,41035,-116.92,2429.87,100,357.4675,0,457.47,-0.284927501,0.829901304,3.912675334,0,0,1,1
Player 31,39810,24.72,2168.08,100,292.02,0,392.02,0.062094951,1.046822406,15.85841424,1,1,1,1
Player 32,38196,858.19,1890.62,100,222.655,0,322.66,2.246805948,3.091554089,0.375977348,1,1,1,1
Player 33,37368,1022.41,2481.5,100,370.375,0,470.38,2.736057589,3.994835153,0.460069835,1,1,1,1
Player 34,35985,1880.7,2283.69,100,320.9225,0,420.92,5.22634431,6.396053911,0.223810283,1,1,1,1
Player 35,34604,1700.68,2627.84,100,406.96,0,506.96,4.914691943,6.379724887,0.298092528,1,1,1,1
Player 36,32973,-1486.21,2146.77,100,286.6925,0,386.69,-4.507354502,-3.334607103,0.260185304,0,0,0,0
Player 37,31417,984.99,1733.03,100,183.2575,0,283.26,3.135213419,4.036827195,0.287576524,1,1,1,1
Player 38,30501,-206.97,2077.17,100,269.2925,0,369.29,-0.678567916,0.532179273,1.784268251,0,0,1,1
Player 39,29784,3791.29,2322.39,100,330.5975,0,430.6,12.72928418,14.17502686,0.113576118,1,1,1,1
Player 40,28696,1211.83,1609.98,100,152.495,0,252.5,4.222992752,5.102906328,0.208362559,1,1,1,1
Player 41,27449,-5070.64,2008.57,100,252.1425,0,352.14,-18.47294983,-17.19006157,0.069446855,0,0,0,0
Player 42,26615,4943.92,2155.35,100,288.8375,0,388.84,18.5756904,20.03667105,0.07865014,1,1,1,1
Player 43,25598,-1855.35,2586.4,100,396.6,0,496.6,-7.24802719,-5.308031877,0.267658393,0,0,0,0
Player 44,24577,890.9,1461.64,100,115.41,0,215.41,3.624933881,4.501403751,0.241789202,1,1,1,1
Player 45,23812,-786.11,1133.33,100,33.3325,0,133.33,-3.301318663,-2.741390895,0.169607307,0,0,0,0
Player 46,23142,-749.83,1237.83,100,59.4575,0,159.46,-3.240126178,-2.551075966,0.212661537,0,0,0,0
Player 47,22806,175.65,1649.88,100,162.47,0,262.47,0.770192055,1.921073402,1.494278395,1,1,1,1
Player 48,22143,1235.52,1711.31,100,177.8275,0,277.83,5.579731744,6.834439778,0.224868881,1,1,1,1
Player 49,21356,-1611.19,1091.47,100,22.8675,0,122.87,-7.544437161,-6.969095336,0.076260404,0,0,0,0
Player 50,20442,-2917.42,1908.61,100,227.1525,0,327.15,-14.27169553,-12.67131396,0.112136751,0,0,0,0
Player 51,19638,-1848.01,1154.89,100,38.7225,0,138.72,-9.410377839,-8.70399226,0.075064529,0,0,0,0
Player 52,18920,-1704.9,1391.09,100,97.7725,0,197.77,-9.011099366,-7.965803383,0.116000938,0,0,0,0
Player 53,18322,-636.06,1451.18,100,112.795,0,212.8,-3.47156424,-2.310118983,0.334559633,0,0,0,0
Player 54,17657,719.04,1541.71,100,135.4275,0,235.43,4.072265957,5.405618168,0.327422675,1,1,1,1
Player 55,17418,-984.81,1020.62,100,5.155,0,105.16,-5.653978643,-5.050235389,0.106782019,0,0,0,0
Player 56,16833,-315.37,1112.64,100,28.16,0,128.16,-1.873522248,-1.112160637,0.406379808,0,0,0,0
Player 57,16451,-862.1,899.23,89.923,0,0,89.92,-5.240410917,-4.693818005,0.104303445,0,0,0,0
Player 58,15894,-995.13,546.46,54.646,0,0,54.65,-6.261041903,-5.91720146,0.054917448,0,0,0,0
Player 59,15269,797.23,998.45,99.845,0,0,99.85,5.221232563,5.875171917,0.125246165,1,1,1,1
Player 60,14919,-546.77,669.03,66.903,0,0,66.9,-3.664923923,-3.216502447,0.122354921,0,0,0,0
Player 61,14550,-112.81,1008.57,100,2.1425,0,102.14,-0.77532646,-0.073333333,0.905416187,0,0,0,0
Player 62,13917,340.85,960.67,96.067,0,0,96.07,2.449162894,3.139469713,0.281854188,1,1,1,1
Player 63,13515,-1470.95,789.73,78.973,0,0,78.97,-10.88383278,-10.29951905,0.053686393,0,0,0,0
Player 64,13161,693.25,796.69,79.669,0,0,79.67,5.26745688,5.872806018,0.114922467,1,1,1,1
Player 65,12889,-1491.6,1112.34,100,28.085,0,128.09,-11.57265886,-10.5788657,0.085874229,0,0,0,0
Player 66,12438,869.53,1036.72,100,9.18,0,109.18,6.990914938,7.868708796,0.125562085,1,1,1,1
Player 67,12212,-3283.08,608.17,60.817,0,0,60.82,-26.88404848,-26.38601376,0.018525287,0,0,0,0
Player 68,11830,-2776.65,1343.94,100,85.985,0,185.99,-23.47125951,-21.89907016,0.066983595,0,0,0,0
Player 69,11621,296.14,873.35,87.335,0,0,87.34,2.548317701,3.299888134,0.294928075,1,1,1,1
Player 70,11417,752.51,1126.37,100,31.5925,0,131.59,6.591136025,7.743715512,0.174868108,1,1,1,1
Player 71,11205,897.89,759.6,75.96,0,0,75.96,8.013297635,8.691209282,0.084598336,1,1,1,1
Player 72,10753,-514.9,567.51,56.751,0,0,56.75,-4.788431135,-4.260671441,0.110215576,0,0,0,0
Player 73,10505,495.22,696.56,69.656,0,0,69.66,4.714136126,5.377248929,0.140664755,1,1,1,1
Player 74,10304,320.93,596.41,59.641,0,0,59.64,3.114615683,3.693420031,0.185834917,1,1,1,1
Player 75,10020,-2169.67,755.52,75.552,0,0,75.55,-21.65339321,-20.8994012,0.034820964,0,0,0,0
Player 76,9771,-1081.77,981.96,98.196,0,0,98.2,-11.07123119,-10.06621635,0.090777152,0,0,0,0
Player 77,9556,-143.45,636.27,63.627,0,0,63.63,-1.501151109,-0.835286731,0.443569188,0,0,0,0
Player 78,9394,-1004.48,652.16,65.216,0,0,65.22,-10.69278263,-9.998509687,0.064929118,0,0,0,0
Player 79,9277,-1012.38,727.22,72.722,0,0,72.72,-10.91279508,-10.12892099,0.071830735,0,0,0,0
Player 80,9047,-272.85,641.7,64.17,0,0,64.17,-3.015916879,-2.306620979,0.235184167,0,0,0,0
Player 81,8910,-1371.81,497.26,49.726,0,0,49.73,-15.3962963,-14.83815937,0.036251376,0,0,0,0
Player 82,8788,280.37,567.32,56.732,0,0,56.73,3.190373236,3.835912608,0.202339765,1,1,1,1
Player 83,8518,-51.76,427.6,42.76,0,0,42.76,-0.607654379,-0.105658605,0.826120556,0,0,0,0
Player 84,8316,-1986.4,841.98,84.198,0,0,84.2,-23.88648389,-22.87397787,0.04238824,0,0,0,0
Player 85,8165,-1054.49,467.74,46.774,0,0,46.77,-12.91475811,-12.34194734,0.044353194,0,0,0,0
Player 86,7971,693.89,608.09,60.809,0,0,60.81,8.705181282,9.46807176,0.087636369,1,1,1,1
Player 87,7766,-268.88,409.62,40.962,0,0,40.96,-3.46227144,-2.934844193,0.152335614,0,0,0,0
Player 88,7647,-142.77,344.89,34.489,0,0,34.49,-1.867006669,-1.415980123,0.241577362,0,0,0,0
Player 89,7610,-544.22,391.88,39.188,0,0,39.19,-7.151379763,-6.636399474,0.072011319,0,0,0,0
Player 90,7486,-5888.73,1062.12,100,15.53,0,115.53,-78.66323804,-77.11995725,0.019618831,0,0,0,0
Player 91,7314,-75.65,385.71,38.571,0,0,38.57,-1.034317747,-0.506972929,0.509847984,0,0,0,0
Player 92,7137,-1026.69,488.87,48.887,0,0,48.89,-14.38545607,-13.70043436,0.047619048,0,0,0,0
Player 93,7013,1399.97,480.47,48.047,0,0,48.05,19.96249822,20.64765436,0.034322164,1,1,1,1
Player 94,6926,-1056.97,390.78,39.078,0,0,39.08,-15.26090095,-14.6966503,0.036973613,0,0,0,0
Player 95,6852,-2212.44,645.72,64.572,0,0,64.57,-32.28896673,-31.34661413,0.029184972,0,0,0,0
Player 96,6748,-1435.42,333.83,33.383,0,0,33.38,-21.27178423,-20.77711915,0.023254518,0,0,0,0
Player 97,6671,77.52,402.44,40.244,0,0,40.24,1.162044671,1.765252586,0.519091847,1,1,1,1
Player 98,6513,-1018.69,439.34,43.934,0,0,43.93,-15.6408721,-14.96637494,0.043124012,0,0,0,0
Player 99,6421,-1386.69,563,56.3,0,0,56.3,-21.59616882,-20.71935836,0.040600278,0,0,0,0
Player 100,6293,-690.07,304.91,30.491,0,0,30.49,-10.96567615,-10.48116955,0.044183923,0,0,0,0
Player 101,6188,-433.8,432.16,43.216,0,0,43.22,-7.010342599,-6.311893988,0.099631166,0,0,0,0
Player 102,6070,-928.92,297.52,29.752,0,0,29.75,-15.30345964,-14.81334432,0.032026439,0,0,0,0
Player 103,5963,-1020.29,436.99,43.699,0,0,43.7,-17.11034714,-16.37749455,0.04283096,0,0,0,0
Player 104,5812,-564.18,399.76,39.976,0,0,39.98,-9.707157605,-9.019270475,0.070863909,0,0,0,0
Player 105,5717,-134.7,388.92,38.892,0,0,38.89,-2.356130838,-1.675878957,0.288715664,0,0,0,0
Player 106,5654,-564.04,286.73,28.673,0,0,28.67,-9.975946233,-9.468871595,0.050829728,0,0,0,0
Player 107,5597,77.15,250.98,25.098,0,0,25.1,1.378417009,1.826871538,0.325340246,1,1,1,1
Player 108,5545,18.34,353.45,35.345,0,0,35.35,0.330748422,0.968259693,1.927480916,1,1,1,1
Player 109,5478,-1528.42,268.33,26.833,0,0,26.83,-27.90105878,-27.41128149,0.017554075,0,0,0,0
Player 110,5325,569.12,391.63,39.163,0,0,39.16,10.68769953,11.42309859,0.068807984,1,1,1,1
Player 111,5271,-294.52,340.46,34.046,0,0,34.05,-5.587554544,-4.941567065,0.115611843,0,0,0,0
Player 112,5220,1026.03,431.47,43.147,0,0,43.15,19.65574713,20.48237548,0.042055301,1,1,1,1
Player 113,5169,-1668.26,403.57,40.357,0,0,40.36,-32.27432772,-31.49351906,0.024192872,0,0,0,0
Player 114,5113,-952.44,481.87,48.187,0,0,48.19,-18.62781146,-17.68531195,0.050596363,0,0,0,0
Player 115,5030,-224.97,336.63,33.663,0,0,33.66,-4.472564612,-3.803379722,0.149619949,0,0,0,0
Player 116,4977,1050.05,287.47,28.747,0,0,28.75,21.09805103,21.67570826,0.027379649,1,1,1,1
Player 117,4932,-751.51,391.31,39.131,0,0,39.13,-15.23742903,-14.44403893,0.052068502,0,0,0,0
Player 118,4859,-20.15,326.9,32.69,0,0,32.69,-0.414694382,0.258077794,1.622332506,0,0,1,1
Player 119,4755,-750.33,416.79,41.679,0,0,41.68,-15.77981073,-14.90325973,0.055548892,0,0,0,0
Player 120,4674,-618.4,363.27,36.327,0,0,36.33,-13.23063757,-12.45335901,0.058748383,0,0,0,0
Player 121,4595,-63.24,574.41,57.441,0,0,57.44,-1.376278564,-0.126224157,0.908285895,0,0,0,0
Player 122,4533,-1819.46,430.1,43.01,0,0,43.01,-40.13809839,-39.18927862,0.023638882,0,0,0,0
Player 123,4493,-1685.07,322.14,32.214,0,0,32.21,-37.50434008,-36.78744714,0.019114933,0,0,0,0
Player 124,4464,-557.33,297.5,29.75,0,0,29.75,-12.48499104,-11.81854839,0.053379506,0,0,0,0
Player 125,4419,-1404.35,560.09,56.009,0,0,56.01,-31.77981444,-30.51233311,0.03988322,0,0,0,0
Player 126,4322,-55.36,976.97,97.697,0,0,97.7,-1.280888478,0.979639056,1.764812139,0,0,1,1
Player 127,4269,-847.53,340.76,34.076,0,0,34.08,-19.8531272,-19.05481377,0.040210966,0,0,0,0
Player 128,4220,-786.88,514.27,51.427,0,0,51.43,-18.6464455,-17.42772512,0.065359394,0,0,0,0
Player 129,4172,-202.96,306.54,30.654,0,0,30.65,-4.864813039,-4.130153404,0.151014978,0,0,0,0
Player 130,4153,366.28,419.05,41.905,0,0,41.91,8.819648447,9.828798459,0.114420662,1,1,1,1
Player 131,4099,562.69,272.86,27.286,0,0,27.29,13.72749451,14.39326665,0.048499174,1,1,1,1
Player 132,4073,-121.21,213.18,21.318,0,0,21.32,-2.975939111,-2.452492021,0.175893078,0,0,0,0
Player 133,4034,160.16,250.48,25.048,0,0,25.05,3.970252851,4.591224591,0.156406094,1,1,1,1
Player 134,4001,-318.03,298.52,29.852,0,0,29.85,-7.948762809,-7.202699325,0.09385907,0,0,0,0
Player 135,3980,-53.11,294.2,29.42,0,0,29.42,-1.334422111,-0.595226131,0.553944643,0,0,0,0
Player 136,3955,149.45,245.29,24.529,0,0,24.53,3.778761062,4.398988622,0.164135162,1,1,1,1
Player 137,3919,366.21,215.05,21.505,0,0,21.51,9.344475632,9.893340138,0.05873679,1,1,1,1
Player 138,3876,-654.8,337.04,33.704,0,0,33.7,-16.89370485,-16.02425181,0.051466097,0,0,0,0
Player 139,3831,-211.48,193.37,19.337,0,0,19.34,-5.520229705,-5.015400679,0.091450728,0,0,0,0
Player 140,3783,909.69,299.18,29.918,0,0,29.92,24.04678826,24.83769495,0.032890325,1,1,1,1
Player 141,3744,-763.86,354.8,35.48,0,0,35.48,-20.40224359,-19.45459402,0.046448302,0,0,0,0
Player 142,3707,-1469.23,355.22,35.522,0,0,35.52,-39.6339358,-38.67574858,0.024175929,0,0,0,0
Player 143,3673,225.87,234.62,23.462,0,0,23.46,6.149469099,6.788184046,0.103865055,1,1,1,1
Player 144,3627,28.64,133.8,13.38,0,0,13.38,0.789633306,1.158533223,0.467178771,1,1,1,1
Player 145,3590,-30.95,422.07,42.207,0,0,42.21,-0.862116992,0.313649025,1.363812601,0,0,1,1
Player 146,3570,-388.26,208.71,20.871,0,0,20.87,-10.87563025,-10.29103641,0.05375264,0,0,0,0
Player 147,3508,-869.19,83.68,8.368,0,0,8.37,-24.77736602,-24.53876853,0.009629655,0,0,0,0
Player 148,3479,954.07,277.79,27.779,0,0,27.78,27.42368497,28.22219028,0.02911736,1,1,1,1
Player 149,3441,18.48,228.3,22.83,0,0,22.83,0.537053182,1.200523104,1.23538961,1,1,1,1
Player 150,3412,-987.65,473.89,47.389,0,0,47.39,-28.94636577,-27.55744431,0.047982585,0,0,0,0
Player 151,3390,-1069.26,235.97,23.597,0,0,23.6,-31.54159292,-30.84542773,0.022071339,0,0,0,0
Player 152,3358,-664.29,189.41,18.941,0,0,18.94,-19.7823109,-19.21828469,0.028511644,0,0,0,0
Player 153,3329,-1775.06,409.89,40.989,0,0,40.99,-53.32111745,-52.08981676,0.023092177,0,0,0,0
Player 154,3287,-429.33,226.45,22.645,0,0,22.65,-13.06145421,-12.37237603,0.052756621,0,0,0,0
Player 155,3260,-309.59,220.13,22.013,0,0,22.01,-9.496625767,-8.821472393,0.071094028,0,0,0,0
Player 156,3246,-551.28,151.11,15.111,0,0,15.11,-16.98336414,-16.51786815,0.027408939,0,0,0,0
Player 157,3228,-1056.46,230.9,23.09,0,0,23.09,-32.72800496,-32.01270136,0.02185601,0,0,0,0
Player 158,3201,113.81,331.89,33.189,0,0,33.19,3.555451421,4.592314902,0.291626395,1,1,1,1
Player 159,3171,-839.96,170.79,17.079,0,0,17.08,-26.48880479,-25.95017345,0.020334302,0,0,0,0
Player 160,3147,-273.37,187.85,18.785,0,0,18.79,-8.686685732,-8.089609152,0.068734682,0,0,0,0
Player 161,3120,-337.69,186.23,18.623,0,0,18.62,-10.82339744,-10.22660256,0.055139329,0,0,0,0
Player 162,3071,-187.89,189.75,18.975,0,0,18.98,-6.11820254,-5.500162813,0.101016552,0,0,0,0
Player 163,3060,-553.9,306.45,30.645,0,0,30.65,-18.10130719,-17.0996732,0.055334898,0,0,0,0
Player 164,3038,576.17,306.56,30.656,0,0,30.66,18.96543779,19.97465438,0.053213461,1,1,1,1
Player 165,3016,-2992.11,419.48,41.948,0,0,41.95,-99.20789125,-97.81697613,0.014020206,0,0,0,0
Player 166,2980,-663.38,307.62,30.762,0,0,30.76,-22.26107383,-21.22885906,0.046368597,0,0,0,0
Player 167,2964,-454.72,167.6,16.76,0,0,16.76,-15.3414305,-14.77597841,0.036857847,0,0,0,0
Player 168,2941,-453.31,164.5,16.45,0,0,16.45,-15.41346481,-14.85413125,0.036288633,0,0,0,0
Player 169,2904,64.85,224.36,22.436,0,0,22.44,2.233126722,3.005853994,0.346029298,1,1,1,1
Player 170,2881,-253.43,216.69,21.669,0,0,21.67,-8.796598403,-8.044429018,0.085506846,0,0,0,0
Player 171,2859,-489.82,160.12,16.012,0,0,16.01,-17.13256383,-16.57257782,0.032685476,0,0,0,0
Player 172,2840,-705.51,395.12,39.512,0,0,39.51,-24.84190141,-23.45070423,0.056002041,0,0,0,0
Player 173,2819,756.7,205.73,20.573,0,0,20.57,26.84285208,27.57254346,0.027183825,1,1,1,1
Player 174,2801,-1764.56,363.04,36.304,0,0,36.3,-62.99750089,-61.70153517,0.020571701,0,0,0,0
Player 175,2772,-16.41,184.16,18.416,0,0,18.42,-0.591991342,0.072510823,1.122486289,0,0,1,1
Player 176,2753,-559.06,183.65,18.365,0,0,18.37,-20.30730113,-19.64002906,0.032858727,0,0,0,0
Player 177,2743,-1250.34,181.11,18.111,0,0,18.11,-45.58293839,-44.92271236,0.01448406,0,0,0,0
Player 178,2731,-1241.78,299.47,29.947,0,0,29.95,-45.46979129,-44.3731234,0.024118604,0,0,0,0
Player 179,2698,308.73,279.15,27.915,0,0,27.92,11.44292068,12.4777613,0.090435008,1,1,1,1
Player 180,2672,485.89,285.76,28.576,0,0,28.58,18.18450599,19.25411677,0.058819898,1,1,1,1
Player 181,2663,-826.16,99.35,9.935,0,0,9.94,-31.02365753,-30.65039429,0.012031568,0,0,0,0
Player 182,2629,-431.61,197.62,19.762,0,0,19.76,-16.41726892,-15.66565234,0.045782072,0,0,0,0
Player 183,2614,-878.23,291.67,29.167,0,0,29.17,-33.59716909,-32.48125478,0.033214534,0,0,0,0
Player 184,2605,420.84,191.67,19.167,0,0,19.17,16.15508637,16.89097889,0.045551754,1,1,1,1
Player 185,2578,-46.34,155.21,15.521,0,0,15.52,-1.797517455,-1.195500388,0.334915839,0,0,0,0
Player 186,2558,282.62,154.22,15.422,0,0,15.42,11.04847537,11.65129007,0.054560894,1,1,1,1
Player 187,2532,-868.93,257.5,25.75,0,0,25.75,-34.31793049,-33.30094787,0.029634148,0,0,0,0
Player 188,2522,-749.08,297.02,29.702,0,0,29.7,-29.70182395,-28.52418715,0.039648636,0,0,0,0
Player 189,2508,-97.31,137.6,13.76,0,0,13.76,-3.879984051,-3.331339713,0.141403761,0,0,0,0
Player 190,2487,-353.22,169.2,16.92,0,0,16.92,-14.2026538,-13.52231604,0.047902157,0,0,0,0
Player 191,2473,-555.45,173.32,17.332,0,0,17.33,-22.4605742,-21.7598059,0.031199928,0,0,0,0
Player 192,2460,-77.65,163.13,16.313,0,0,16.31,-3.156504065,-2.493495935,0.210045074,0,0,0,0
Player 193,2436,353.47,274.42,27.442,0,0,27.44,14.51026273,15.63669951,0.077630351,1,1,1,1
Player 194,2420,-101.74,115.9,11.59,0,0,11.59,-4.204132231,-3.725206612,0.11391783,0,0,0,0
Player 195,2404,-546.12,149.94,14.994,0,0,14.99,-22.7171381,-22.09359401,0.02744818,0,0,0,0
Player 196,2388,-100.9,380.51,38.051,0,0,38.05,-4.225293132,-2.631909548,0.377106046,0,0,0,0
Player 197,2366,-1753.78,305.48,30.548,0,0,30.55,-74.12426036,-72.83305156,0.017419517,0,0,0,0
Player 198,2356,-676.59,161.1,16.11,0,0,16.11,-28.71774194,-28.03395586,0.02381058,0,0,0,0
Player 199,2327,-255.97,189.59,18.959,0,0,18.96,-11,-10.18521702,0.07407118,0,0,0,0
Player 200,2309,1874.48,349.73,34.973,0,0,34.97,81.18146384,82.69597228,0.018655841,1,1,1,1
Player 201,2285,-98.49,174.74,17.474,0,0,17.47,-4.310284464,-3.545733042,0.177378414,0,0,0,0
Player 202,2266,-1252.92,342.71,34.271,0,0,34.27,-55.29214475,-53.77978817,0.027352105,0,0,0,0
Player 203,2255,-402.83,175.78,17.578,0,0,17.58,-17.86385809,-17.08425721,0.043641238,0,0,0,0
Player 204,2241,-606.81,123.9,12.39,0,0,12.39,-27.07764391,-26.52476573,0.020418253,0,0,0,0
Player 205,2227,-48.87,189,18.9,0,0,18.9,-2.194431971,-1.345756623,0.386740331,0,0,0,0
Player 206,2216,-806.36,384.4,38.44,0,0,38.44,-36.38808664,-34.6534296,0.047671015,0,0,0,0
Player 207,2206,-488.56,113.57,11.357,0,0,11.36,-22.14687217,-21.63191296,0.023252006,0,0,0,0
Player 208,2189,-464.63,263.11,26.311,0,0,26.31,-21.22567382,-20.02375514,0.056625702,0,0,0,0
Player 209,2176,-898.75,280.22,28.022,0,0,28.02,-41.30284926,-40.01516544,0.031176634,0,0,0,0
Player 210,2155,-1036.72,117.59,11.759,0,0,11.76,-48.10765661,-47.56194896,0.011343468,0,0,0,0
Player 211,2142,-376.94,86.69,8.669,0,0,8.67,-17.59757236,-17.19281046,0.023001008,0,0,0,0
Player 212,2122,-1330.88,307.8,30.78,0,0,30.78,-62.71819039,-61.26767201,0.023127555,0,0,0,0
Player 213,2107,239.69,114.87,11.487,0,0,11.49,11.37588989,11.921215,0.047936919,1,1,1,1
Player 214,2098,-530.38,175.95,17.595,0,0,17.6,-25.28026692,-24.44137274,0.033183755,0,0,0,0
Player 215,2089,-532.69,224.73,22.473,0,0,22.47,-25.49976065,-24.42412638,0.042182132,0,0,0,0
Player 216,2074,-269.44,246.93,24.693,0,0,24.69,-12.99132112,-11.80086789,0.091634501,0,0,0,0
Player 217,2063,7.84,214.79,21.479,0,0,21.48,0.380029084,1.421231217,2.739795918,1,1,1,1
Player 218,2051,-882.71,220.57,22.057,0,0,22.06,-43.03803023,-41.96245734,0.02499122,0,0,0,0
Player 219,2039,-729.87,93.67,9.367,0,0,9.37,-35.79548798,-35.33594899,0.012837903,0,0,0,0
Player 220,2031,-678.47,75.85,7.585,0,0,7.59,-33.40571147,-33.03200394,0.011186935,0,0,0,0
Player 221,2012,-1011.9,159.29,15.929,0,0,15.93,-50.29324056,-49.50149105,0.015742662,0,0,0,0
Player 222,1996,41.52,222.14,22.214,0,0,22.21,2.080160321,3.192885772,0.534922929,1,1,1,1
Player 223,1983,-553.76,168.06,16.806,0,0,16.81,-27.92536561,-27.07766011,0.030356111,0,0,0,0
Player 224,1969,-1363.84,294.02,29.402,0,0,29.4,-69.26561706,-67.77247334,0.021556781,0,0,0,0
Player 225,1958,154.28,128.93,12.893,0,0,12.89,7.879468846,8.537793667,0.083549391,1,1,1,1
Player 226,1943,-81.32,99.82,9.982,0,0,9.98,-4.185280494,-3.671641791,0.122725037,0,0,0,0
Player 227,1936,-484.55,192.79,19.279,0,0,19.28,-25.02840909,-24.03254132,0.039789495,0,0,0,0
Player 228,1924,-1125.68,312.14,31.214,0,0,31.21,-58.50727651,-56.88513514,0.027725464,0,0,0,0
Player 229,1911,-92.97,145.29,14.529,0,0,14.53,-4.864992151,-4.104657248,0.156286974,0,0,0,0
Player 230,1898,-506.5,161.52,16.152,0,0,16.15,-26.68598525,-25.83508957,0.031885489,0,0,0,0
Player 231,1885,-799.85,203.61,20.361,0,0,20.36,-42.43236074,-41.35225464,0.025454773,0,0,0,0
Player 232,1878,-313.72,89.3,8.93,0,0,8.93,-16.70500532,-16.22949947,0.028464873,0,0,0,0
Player 233,1864,-551.61,152.99,15.299,0,0,15.3,-29.59281116,-28.77199571,0.027736988,0,0,0,0
Player 234,1854,209.97,120.42,12.042,0,0,12.04,11.32524272,11.97464941,0.057341525,1,1,1,1
Player 235,1842,-332.18,136.34,13.634,0,0,13.63,-18.03365907,-17.2937025,0.041031971,0,0,0,0
Player 236,1830,-1416.45,356.55,35.655,0,0,35.66,-77.40163934,-75.45300546,0.025175615,0,0,0,0
Player 237,1820,-246.82,131.68,13.168,0,0,13.17,-13.56153846,-12.83791209,0.053358723,0,0,0,0
Player 238,1814,-352.12,118.35,11.835,0,0,11.84,-19.41124587,-18.75854465,0.033624901,0,0,0,0
Player 239,1806,-693.76,114.79,11.479,0,0,11.48,-38.41417497,-37.77851606,0.016547509,0,0,0,0
Player 240,1798,348.37,119.32,11.932,0,0,11.93,19.37541713,20.03893215,0.034245199,1,1,1,1
Player 241,1787,78.29,144.53,14.453,0,0,14.45,4.381085618,5.189703414,0.184570188,1,1,1,1
Player 242,1772,-954.95,111.63,11.163,0,0,11.16,-53.89108352,-53.26128668,0.011686476,0,0,0,0
Player 243,1762,-447.13,179.23,17.923,0,0,17.92,-25.37627696,-24.35925085,0.04007783,0,0,0,0
Player 244,1755,-261.53,107.54,10.754,0,0,10.75,-14.9019943,-14.28945869,0.041104271,0,0,0,0
Player 245,1742,-280.35,212.9,21.29,0,0,21.29,-16.09357061,-14.87141217,0.075940788,0,0,0,0
Player 246,1736,29.26,218.55,21.855,0,0,21.86,1.685483871,2.944700461,0.74709501,1,1,1,1
Player 247,1728,75.45,227.06,22.706,0,0,22.71,4.366319444,5.680555556,0.300994036,1,1,1,1
Player 248,1716,-336.33,174.3,17.43,0,0,17.43,-19.59965035,-18.58391608,0.051824101,0,0,0,0
Player 249,1709,-99.09,83.56,8.356,0,0,8.36,-5.79812756,-5.308952604,0.084367746,0,0,0,0
Player 250,1697,-117.33,141.56,14.156,0,0,14.16,-6.913965822,-6.079552151,0.120685247,0,0,0,0
Player 251,1684,-735.6,143.83,14.383,0,0,14.38,-43.68171021,-42.82779097,0.019548668,0,0,0,0
Player 252,1677,-665.01,185.36,18.536,0,0,18.54,-39.65474061,-38.54919499,0.02787928,0,0,0,0
Player 253,1671,-244.43,140.04,14.004,0,0,14,-14.6277678,-13.78994614,0.057276112,0,0,0,0
Player 254,1667,-281.9,63.85,6.385,0,0,6.39,-16.91061788,-16.52729454,0.022667613,0,0,0,0
Player 255,1659,-1140.79,125.56,12.556,0,0,12.56,-68.76371308,-68.0066305,0.011009914,0,0,0,0
Player 256,1653,293.87,136.28,13.628,0,0,13.63,17.77797943,18.60254083,0.046381053,1,1,1,1
Player 257,1643,-5.04,92.11,9.211,0,0,9.21,-0.306755934,0.253804017,1.827380952,0,0,1,1
Player 258,1626,-433.23,223.39,22.339,0,0,22.34,-26.64391144,-25.2699877,0.051566143,0,0,0,0
Player 259,1614,-722.28,162.27,16.227,0,0,16.23,-44.75092937,-43.74535316,0.02247051,0,0,0,0
Player 260,1609,-1156.17,300.14,30.014,0,0,30.01,-71.85643257,-69.99129894,0.02595639,0,0,0,0
Player 261,1602,-436.96,148.32,14.832,0,0,14.83,-27.27590512,-26.35018727,0.033939033,0,0,0,0
Player 262,1596,-209.88,82.78,8.278,0,0,8.28,-13.15037594,-12.63157895,0.039451115,0,0,0,0
Player 263,1587,-221.63,139.05,13.905,0,0,13.91,-13.96534342,-13.08884688,0.062762261,0,0,0,0
Player 264,1576,187.5,263.86,26.386,0,0,26.39,11.89720812,13.57170051,0.140746667,1,1,1,1
Player 265,1568,-289.64,75.21,7.521,0,0,7.52,-18.47193878,-17.99234694,0.025963265,0,0,0,0
Player 266,1562,-648.38,152.7,15.27,0,0,15.27,-41.50960307,-40.53201024,0.023551004,0,0,0,0
Player 267,1556,275.98,161.52,16.152,0,0,16.15,17.73650386,18.77442159,0.058518733,1,1,1,1
Player 268,1552,-198.67,109.33,10.933,0,0,10.93,-12.80090206,-12.09664948,0.055015855,0,0,0,0
Player 269,1545,574.64,139.02,13.902,0,0,13.9,37.19352751,38.09320388,0.024189057,1,1,1,1
Player 270,1531,-72.38,122.9,12.29,0,0,12.29,-4.727629001,-3.924885696,0.169798287,0,0,0,0
Player 271,1525,-244.04,184.29,18.429,0,0,18.43,-16.00262295,-14.79409836,0.075520406,0,0,0,0
Player 272,1517,-483.37,231.53,23.153,0,0,23.15,-31.86354647,-30.33750824,0.047892918,0,0,0,0
Player 273,1507,-869.93,182.22,18.222,0,0,18.22,-57.72594559,-56.51692104,0.020944214,0,0,0,0
Player 274,1499,87.79,108.59,10.859,0,0,10.86,5.856571047,6.581054036,0.123704294,1,1,1,1
Player 275,1492,-222.3,107.75,10.775,0,0,10.78,-14.89946381,-14.1769437,0.048493027,0,0,0,0
Player 276,1486,-170.34,149.3,14.93,0,0,14.93,-11.46298789,-10.45827725,0.087648233,0,0,0,0
Player 277,1481,-213.53,108.68,10.868,0,0,10.87,-14.41796084,-13.6839973,0.050906196,0,0,0,0
Player 278,1472,-404.75,100.31,10.031,0,0,10.03,-27.49660326,-26.81521739,0.024780729,0,0,0,0
Player 279,1466,-1116.05,120.61,12.061,0,0,12.06,-76.12892224,-75.30627558,0.010805967,0,0,0,0
Player 280,1462,-570.14,180.28,18.028,0,0,18.03,-38.99726402,-37.76402189,0.031623812,0,0,0,0
Player 281,1455,-457.46,113.83,11.383,0,0,11.38,-31.44054983,-30.65841924,0.024876492,0,0,0,0
Player 282,1448,-362.34,100.61,10.061,0,0,10.06,-25.02348066,-24.32872928,0.027763979,0,0,0,0
Player 283,1442,-62.12,140.66,14.066,0,0,14.07,-4.307905687,-3.332177531,0.226497102,0,0,0,0
Player 284,1438,-234.06,83.58,8.358,0,0,8.36,-16.2767733,-15.69541029,0.035717337,0,0,0,0
Player 285,1431,-50.1,66.49,6.649,0,0,6.65,-3.501048218,-3.036338225,0.132734531,0,0,0,0
Player 286,1423,-302.79,104.46,10.446,0,0,10.45,-21.27828531,-20.54392129,0.034512368,0,0,0,0
Player 287,1417,60.71,115.84,11.584,0,0,11.58,4.28440367,5.101623147,0.190742876,1,1,1,1
Player 288,1413,459.72,176.78,17.678,0,0,17.68,32.53503185,33.78627035,0.038458192,1,1,1,1
Player 289,1405,-580.3,266.08,26.608,0,0,26.61,-41.3024911,-39.40854093,0.045855592,0,0,0,0
Player 290,1402,-45.57,198.2,19.82,0,0,19.82,-3.250356633,-1.836661912,0.434935264,0,0,0,0
Player 291,1396,-716.88,223.73,22.373,0,0,22.37,-51.35243553,-49.75,0.031204665,0,0,0,0
Player 292,1391,-495.95,112.32,11.232,0,0,11.23,-35.65420561,-34.84687275,0.022643412,0,0,0,0
Player 293,1382,-568.06,128.13,12.813,0,0,12.81,-41.10419682,-40.17727931,0.022550435,0,0,0,0
Player 294,1376,-995,136.31,13.631,0,0,13.63,-72.31104651,-71.32049419,0.013698492,0,0,0,0
Player 295,1370,160.24,118.11,11.811,0,0,11.81,11.69635036,12.55839416,0.073701947,1,1,1,1
Player 296,1365,185.89,178.04,17.804,0,0,17.8,13.61831502,14.92234432,0.095755554,1,1,1,1
Player 297,1359,-671.47,74.77,7.477,0,0,7.48,-49.40912436,-48.85871965,0.011139738,0,0,0,0
Player 298,1354,-320.06,68.15,6.815,0,0,6.82,-23.63810931,-23.13441654,0.021308505,0,0,0,0
Player 299,1348,-366.73,75.37,7.537,0,0,7.54,-27.20548961,-26.64614243,0.020560085,0,0,0,0
Player 300,1343,-513.11,89.03,8.903,0,0,8.9,-38.20625465,-37.5435592,0.017345209,0,0,0,0
Player 301,1338,-216.24,194.23,19.423,0,0,19.42,-16.16143498,-14.71001495,0.089807621,0,0,0,0
Player 302,1331,-1743.17,215.21,21.521,0,0,21.52,-130.9669421,-129.3501127,0.012345325,0,0,0,0
Player 303,1326,85.06,112.88,11.288,0,0,11.29,6.414781297,7.266214178,0.132729838,1,1,1,1
Player 304,1321,-27.46,110.53,11.053,0,0,11.05,-2.078728236,-1.242240727,0.402403496,0,0,0,0
Player 305,1314,88.84,218.97,21.897,0,0,21.9,6.761035008,8.427701674,0.246510581,1,1,1,1
Player 306,1307,-505.34,195.37,19.537,0,0,19.54,-38.6641163,-37.16908952,0.038667036,0,0,0,0
Player 307,1300,-141.14,56.96,5.696,0,0,5.7,-10.85692308,-10.41846154,0.040385433,0,0,0,0
Player 308,1294,287.42,77.94,7.794,0,0,7.79,22.21174652,22.8137558,0.027103194,1,1,1,1
Player 309,1290,-949.11,242.56,24.256,0,0,24.26,-73.5744186,-71.69379845,0.025560789,0,0,0,0
Player 310,1284,-35.2,94.43,9.443,0,0,9.44,-2.741433022,-2.00623053,0.268181818,0,0,0,0
Player 311,1280,-91.36,182.87,18.287,0,0,18.29,-7.1375,-5.70859375,0.200197023,0,0,0,0
Player 312,1275,176.8,154.26,15.426,0,0,15.43,13.86666667,15.07686275,0.087273756,1,1,1,1
Player 313,1269,-297.14,74.87,7.487,0,0,7.49,-23.41528763,-22.8250591,0.025206973,0,0,0,0
Player 314,1262,-68.07,111.86,11.186,0,0,11.19,-5.393819334,-4.507131537,0.164389599,0,0,0,0
Player 315,1259,-66.27,78.86,7.886,0,0,7.89,-5.26370135,-4.637013503,0.119058397,0,0,0,0
Player 316,1253,-405.98,190.21,19.021,0,0,19.02,-32.40063847,-30.88268156,0.046849599,0,0,0,0
Player 317,1248,96.69,120.44,12.044,0,0,12.04,7.747596154,8.712339744,0.124521667,1,1,1,1
Player 318,1244,-515.56,63.68,6.368,0,0,6.37,-41.4437299,-40.93167203,0.012355497,0,0,0,0
Player 319,1241,-149.98,122.88,12.288,0,0,12.29,-12.08541499,-11.09508461,0.081944259,0,0,0,0
Player 320,1234,31.24,122.31,12.231,0,0,12.23,2.531604538,3.522690438,0.391485275,1,1,1,1
Player 321,1228,-439.32,90.85,9.085,0,0,9.09,-35.7752443,-35.03501629,0.020691068,0,0,0,0
Player 322,1223,-87.28,148.97,14.897,0,0,14.9,-7.136549469,-5.918233851,0.17071494,0,0,0,0
Player 323,1218,688.45,144.98,14.498,0,0,14.5,56.52298851,57.7134647,0.021061806,1,1,1,1
Player 324,1213,-608.49,190.75,19.075,0,0,19.08,-50.16405606,-48.59109646,0.031356308,0,0,0,0
Player 325,1209,-375.75,109.16,10.916,0,0,10.92,-31.07940447,-30.17617866,0.029061876,0,0,0,0
Player 326,1206,266.43,124.48,12.448,0,0,12.45,22.0920398,23.12437811,0.046728972,1,1,1,1
Player 327,1203,-451.27,196.03,19.603,0,0,19.6,-37.5120532,-35.88279302,0.043432978,0,0,0,0
Player 328,1200,-33.59,99.73,9.973,0,0,9.97,-2.799166667,-1.968333333,0.296814528,0,0,0,0
Player 329,1192,158.33,160.94,16.094,0,0,16.09,13.28271812,14.63255034,0.101623192,1,1,1,1
Player 330,1185,384.29,129.78,12.978,0,0,12.98,32.42953586,33.52489451,0.033776575,1,1,1,1
Player 331,1182,-1274.69,181.99,18.199,0,0,18.2,-107.8417936,-106.3020305,0.014277981,0,0,0,0
Player 332,1177,-395.86,111.01,11.101,0,0,11.1,-33.63296517,-32.68988955,0.028040216,0,0,0,0
Player 333,1173,-596.03,115.8,11.58,0,0,11.58,-50.81244672,-49.82523444,0.019428552,0,0,0,0
Player 334,1171,-398.37,121.04,12.104,0,0,12.1,-34.01964133,-32.98633646,0.030373773,0,0,0,0
Player 335,1167,-136.67,120.04,12.004,0,0,12,-11.71122536,-10.68294773,0.087802737,0,0,0,0
Player 336,1164,-219.08,149.74,14.974,0,0,14.97,-18.82130584,-17.53522337,0.068331203,0,0,0,0
Player 337,1159,-827.65,58.7,5.87,0,0,5.87,-71.41069888,-70.90422778,0.00709237,0,0,0,0
Player 338,1155,-116.96,101.31,10.131,0,0,10.13,-10.12640693,-9.249350649,0.086610807,0,0,0,0
Player 339,1151,-382.41,100.1,10.01,0,0,10.01,-33.22415291,-32.35447437,0.026176094,0,0,0,0
Player 340,1147,-349.72,140.92,14.092,0,0,14.09,-30.48997384,-29.26155187,0.040289374,0,0,0,0
Player 341,1143,-320.44,85.54,8.554,0,0,8.55,-28.03499563,-27.28696413,0.026682062,0,0,0,0
Player 342,1138,11.07,229.61,22.961,0,0,22.96,0.972759227,2.990333919,2.074074074,1,1,1,1
Player 343,1134,-312.72,90.45,9.045,0,0,9.05,-27.57671958,-26.77865961,0.028939627,0,0,0,0
Player 344,1131,-261.97,60.27,6.027,0,0,6.03,-23.16268789,-22.62953139,0.023017903,0,0,0,0
Player 345,1126,-478.87,90.94,9.094,0,0,9.09,-42.52841918,-41.72113677,0.018982187,0,0,0,0
Player 346,1123,-311.34,138.34,13.834,0,0,13.83,-27.7239537,-26.49243099,0.04442089,0,0,0,0
Player 347,1119,-994.26,146.16,14.616,0,0,14.62,-88.85254692,-87.54602324,0.014704403,0,0,0,0
Player 348,1116,-442.35,84.27,8.427,0,0,8.43,-39.63709677,-38.88172043,0.019057308,0,0,0,0
Player 349,1113,-324.71,139.89,13.989,0,0,13.99,-29.17430368,-27.91734052,0.043084599,0,0,0,0
Player 350,1109,-611.92,108.19,10.819,0,0,10.82,-55.17763751,-54.20198377,0.01768205,0,0,0,0
Player 351,1105,63.15,83.28,8.328,0,0,8.33,5.714932127,6.468778281,0.131908155,1,1,1,1
Player 352,1101,-210.71,117.77,11.777,0,0,11.78,-19.13805631,-18.06811989,0.055906222,0,0,0,0
Player 353,1097,-621.6,125.84,12.584,0,0,12.58,-56.66362808,-55.51686418,0.020238095,0,0,0,0
Player 354,1094,219.02,58.71,5.871,0,0,5.87,20.02010969,20.55667276,0.026801205,1,1,1,1
Player 355,1091,-11.09,189.49,18.949,0,0,18.95,-1.016498625,0.720439963,1.708746619,0,0,1,1
Player 356,1086,-267.26,85.98,8.598,0,0,8.6,-24.60957643,-23.81767956,0.032178403,0,0,0,0
Player 357,1083,178.74,140.33,14.033,0,0,14.03,16.50415512,17.79963066,0.078493902,1,1,1,1
Player 358,1078,355.4,119.64,11.964,0,0,11.96,32.96846011,34.07792208,0.033652223,1,1,1,1
Player 359,1076,-555.56,78.34,7.834,0,0,7.83,-51.63197026,-50.90427509,0.014093887,0,0,0,0
Player 360,1072,-593.67,90.44,9.044,0,0,9.04,-55.37966418,-54.5363806,0.015227315,0,0,0,0
Player 361,1069,-474.77,152.86,15.286,0,0,15.29,-44.41253508,-42.98222638,0.032205068,0,0,0,0
Player 362,1065,151.65,64.55,6.455,0,0,6.46,14.23943662,14.84600939,0.042598088,1,1,1,1
Player 363,1062,189.74,64.08,6.408,0,0,6.41,17.86629002,18.46986817,0.033783072,1,1,1,1
Player 364,1055,-29,159.84,15.984,0,0,15.98,-2.748815166,-1.234123223,0.551034483,0,0,0,0
Player 365,1054,218.66,73.39,7.339,0,0,7.34,20.74573055,21.44212524,0.033568097,1,1,1,1
Player 366,1049,-262.16,98.44,9.844,0,0,9.84,-24.9914204,-24.05338418,0.03753433,0,0,0,0
Player 367,1047,-788.56,249.92,24.992,0,0,24.99,-75.31614136,-72.92932187,0.031690677,0,0,0,0
Player 368,1044,-860.62,158.94,15.894,0,0,15.89,-82.4348659,-80.91283525,0.018463433,0,0,0,0
Player 369,1041,186.48,124.89,12.489,0,0,12.49,17.91354467,19.11335255,0.066977692,1,1,1,1
Player 370,1037,-214.49,178.18,17.818,0,0,17.82,-20.68370299,-18.96528447,0.083080796,0,0,0,0
Player 371,1034,409,83.58,8.358,0,0,8.36,39.55512573,40.36363636,0.020440098,1,1,1,1
Player 372,1029,-67.45,78.49,7.849,0,0,7.85,-6.554907677,-5.792031098,0.116382506,0,0,0,0
Player 373,1026,284.5,66.96,6.696,0,0,6.7,27.72904483,28.38206628,0.023550088,1,1,1,1
Player 374,1021,-1659.52,179,17.9,0,0,17.9,-162.5386876,-160.7855044,0.010786251,0,0,0,0
Player 375,1019,85.76,91.56,9.156,0,0,9.16,8.41609421,9.31501472,0.106809701,1,1,1,1
Player 376,1015,446.83,111.56,11.156,0,0,11.16,44.0226601,45.12216749,0.024975942,1,1,1,1
Player 377,1013,145.67,79.8,7.98,0,0,7.98,14.38005923,15.16781836,0.054781355,1,1,1,1
Player 378,1010,166.89,111.16,11.116,0,0,11.12,16.52376238,17.62475248,0.066630715,1,1,1,1
Player 379,1008,-348.55,47.94,4.794,0,0,4.79,-34.57837302,-34.1031746,0.013742648,0,0,0,0
Player 380,1004,-504.69,158.75,15.875,0,0,15.88,-50.26792829,-48.68625498,0.03146486,0,0,0,0
Player 381,1001,-436.96,65.63,6.563,0,0,6.56,-43.65234765,-42.997003,0.015012816,0,0,0,0
Player 382,997,-8.68,108.32,10.832,0,0,10.83,-0.870611836,0.215646941,1.247695853,0,0,1,1
Player 383,995,122.68,79.94,7.994,0,0,7.99,12.32964824,13.13266332,0.06512879,1,1,1,1
Player 384,991,-6.78,118.84,11.884,0,0,11.88,-0.684157417,0.514631685,1.752212389,0,0,1,1
Player 385,988,-168.65,32.49,3.249,0,0,3.25,-17.06983806,-16.74089069,0.019270679,0,0,0,0
Player 386,985,112.68,91.32,9.132,0,0,9.13,11.43959391,12.36649746,0.081025914,1,1,1,1
Player 387,982,-163.3,187.49,18.749,0,0,18.75,-16.6293279,-14.71995927,0.114819351,0,0,0,0
Player 388,979,-450.48,75.76,7.576,0,0,7.58,-46.01430031,-45.24004086,0.016826496,0,0,0,0
Player 389,974,33.05,92.84,9.284,0,0,9.28,3.393223819,4.345995893,0.280786687,1,1,1,1
Player 390,970,-472.48,104.93,10.493,0,0,10.49,-48.70927835,-47.62783505,0.022201998,0,0,0,0
Player 391,968,-753.48,136.49,13.649,0,0,13.65,-77.83884298,-76.42871901,0.018115942,0,0,0,0
Player 392,963,216.52,43.08,4.308,0,0,4.31,22.48390447,22.93146417,0.019905782,1,1,1,1
Player 393,959,-601.94,167.96,16.796,0,0,16.8,-62.76746611,-61.01564129,0.027909758,0,0,0,0
Player 394,957,-151.29,74.28,7.428,0,0,7.43,-15.80877743,-15.03239289,0.049110979,0,0,0,0
Player 395,952,-878.28,185.64,18.564,0,0,18.56,-92.25630252,-90.30672269,0.021132213,0,0,0,0
Player 396,949,-1228.65,180.25,18.025,0,0,18.03,-129.4678609,-127.5679663,0.014674643,0,0,0,0
Player 397,945,-34.83,97.02,9.702,0,0,9.7,-3.685714286,-2.659259259,0.27849555,0,0,0,0
Player 398,942,-310.24,88.15,8.815,0,0,8.82,-32.93418259,-31.99787686,0.028429603,0,0,0,0
Player 399,941,-1257.02,165.87,16.587,0,0,16.59,-133.5834219,-131.8204038,0.013197881,0,0,0,0
Player 400,938,-240.84,113.29,11.329,0,0,11.33,-25.67590618,-24.46801706,0.04704368,0,0,0,0
Player 401,936,-122.69,111.62,11.162,0,0,11.16,-13.10790598,-11.91559829,0.090960959,0,0,0,0
Player 402,930,-577.21,78.94,7.894,0,0,7.89,-62.0655914,-61.2172043,0.013669202,0,0,0,0
Player 403,928,-261.99,92.59,9.259,0,0,9.26,-28.23168103,-27.23383621,0.03534486,0,0,0,0
Player 404,925,-191.45,50.98,5.098,0,0,5.1,-20.6972973,-20.14594595,0.026638809,0,0,0,0
Player 405,924,-27.36,148.26,14.826,0,0,14.83,-2.961038961,-1.356060606,0.542032164,0,0,0,0
Player 406,922,-227.61,149.77,14.977,0,0,14.98,-24.68655098,-23.06182213,0.065814332,0,0,0,0
Player 407,918,-414.45,70.49,7.049,0,0,7.05,-45.14705882,-44.37908497,0.017010496,0,0,0,0
Player 408,915,270.05,66.65,6.665,0,0,6.67,29.5136612,30.24262295,0.02469913,1,1,1,1
Player 409,913,-729.05,137.07,13.707,0,0,13.71,-79.85213582,-78.35049288,0.018805295,0,0,0,0
Player 410,911,-122.65,86.88,8.688,0,0,8.69,-13.46322722,-12.50933041,0.070852018,0,0,0,0
Player 411,910,-293.12,47.66,4.766,0,0,4.77,-32.21098901,-31.68681319,0.016273199,0,0,0,0
Player 412,907,-72.14,89.75,8.975,0,0,8.98,-7.953693495,-6.963616318,0.124480177,0,0,0,0
Player 413,903,-908.39,219.47,21.947,0,0,21.95,-100.5968992,-98.16611296,0.02416363,0,0,0,0
Player 414,901,-348.8,71.82,7.182,0,0,7.18,-38.71254162,-37.91564928,0.020584862,0,0,0,0
Player 415,899,-463.77,92.12,9.212,0,0,9.21,-51.58731924,-50.56284761,0.019858982,0,0,0,0
Player 416,895,143.55,110.56,11.056,0,0,11.06,16.03910615,17.27486034,0.077046325,1,1,1,1
Player 417,892,-245.47,59.37,5.937,0,0,5.94,-27.5190583,-26.85313901,0.024198476,0,0,0,0
Player 418,890,-153.4,138.66,13.866,0,0,13.87,-17.23595506,-15.67752809,0.09041721,0,0,0,0
Player 419,888,-532.01,58.79,5.879,0,0,5.88,-59.91103604,-59.24887387,0.011052424,0,0,0,0
Player 420,885,-216.23,60.34,6.034,0,0,6.03,-24.43276836,-23.75141243,0.027886972,0,0,0,0
Player 421,880,-160.36,59.2,5.92,0,0,5.92,-18.22272727,-17.55,0.036916937,0,0,0,0
Player 422,879,-75.99,84.32,8.432,0,0,8.43,-8.645051195,-7.686006826,0.110935649,0,0,0,0
Player 423,877,170.51,33.13,3.313,0,0,3.31,19.44241733,19.81984036,0.019412351,1,1,1,1
Player 424,875,-544.95,138.49,13.849,0,0,13.85,-62.28,-60.69714286,0.025415176,0,0,0,0
Player 425,873,-109.22,44.01,4.401,0,0,4.4,-12.51088202,-12.00687285,0.040285662,0,0,0,0
Player 426,871,-63.77,47.52,4.752,0,0,4.75,-7.321469575,-6.776119403,0.074486436,0,0,0,0
Player 427,868,423.54,130.7,13.07,0,0,13.07,48.79493088,50.30069124,0.030858951,1,1,1,1
Player 428,867,-162.16,53.4,5.34,0,0,5.34,-18.70357555,-18.08765859,0.032930439,0,0,0,0
Player 429,864,-222.58,91.95,9.195,0,0,9.2,-25.76157407,-24.69675926,0.041333453,0,0,0,0
Player 430,863,-342.01,63.88,6.388,0,0,6.39,-39.63035921,-38.88991889,0.018683664,0,0,0,0
Player 431,860,-64.33,103.8,10.38,0,0,10.38,-7.480232558,-6.273255814,0.161355511,0,0,0,0
Player 432,858,-54.1,84.41,8.441,0,0,8.44,-6.305361305,-5.321678322,0.156007394,0,0,0,0
Player 433,855,-524.54,73.62,7.362,0,0,7.36,-61.3497076,-60.48888889,0.014031342,0,0,0,0
Player 434,852,-143.46,109.41,10.941,0,0,10.94,-16.83802817,-15.55399061,0.07625819,0,0,0,0
Player 435,850,54.78,62.48,6.248,0,0,6.25,6.444705882,7.18,0.114092735,1,1,1,1
Player 436,848,-166.02,174.14,17.414,0,0,17.41,-19.57783019,-17.52476415,0.104866884,0,0,0,0
Player 437,845,25.15,115.18,11.518,0,0,11.52,2.976331361,4.33964497,0.45805169,1,1,1,1
Player 438,843,-797.58,162.98,16.298,0,0,16.3,-94.61209964,-92.67852906,0.020436821,0,0,0,0
Player 439,842,-475.19,124.49,12.449,0,0,12.45,-56.43586698,-54.95724466,0.026200046,0,0,0,0
Player 440,838,-551.19,76.4,7.64,0,0,7.64,-65.77446301,-64.8627685,0.013860919,0,0,0,0
Player 441,836,-406.26,121.02,12.102,0,0,12.1,-48.59569378,-47.14832536,0.029783882,0,0,0,0
Player 442,834,-102.74,97.57,9.757,0,0,9.76,-12.31894484,-11.14868106,0.09499708,0,0,0,0
Player 443,832,-1458.7,198.01,19.801,0,0,19.8,-175.3245192,-172.9447115,0.01357373,0,0,0,0
Player 444,829,-487.43,157.73,15.773,0,0,15.77,-58.7973462,-56.89505428,0.032353364,0,0,0,0
Player 445,827,-15.09,80.52,8.052,0,0,8.05,-1.824667473,-0.851269649,0.533465871,0,0,0,0
Player 446,823,220.51,61.92,6.192,0,0,6.19,26.79343864,27.54556501,0.028071289,1,1,1,1
Player 447,822,-450.55,78.68,7.868,0,0,7.87,-54.81143552,-53.8540146,0.01746754,0,0,0,0
Player 448,820,-39.12,87.45,8.745,0,0,8.75,-4.770731707,-3.703658537,0.223670757,0,0,0,0
Player 449,817,-144.58,85.18,8.518,0,0,8.52,-17.69645043,-16.65361077,0.058929312,0,0,0,0
Player 450,814,-157.29,40.73,4.073,0,0,4.07,-19.32309582,-18.82309582,0.025875771,0,0,0,0
Player 451,812,-194.36,108.61,10.861,0,0,10.86,-23.93596059,-22.59852217,0.055875695,0,0,0,0
Player 452,809,4.46,90.58,9.058,0,0,9.06,0.551297899,1.671199011,2.031390135,1,1,1,1
Player 453,806,-381.13,99.96,9.996,0,0,10,-47.2866005,-46.04590571,0.026237767,0,0,0,0
Player 454,803,-409.32,91.6,9.16,0,0,9.16,-50.97384807,-49.83312578,0.022378579,0,0,0,0
Player 455,801,-10.63,48.21,4.821,0,0,4.82,-1.327091136,-0.725343321,0.453433678,0,0,0,0
Player 456,799,-127.49,38.47,3.847,0,0,3.85,-15.95619524,-15.47434293,0.030198447,0,0,0,0
Player 457,797,-514.32,39.48,3.948,0,0,3.95,-64.53199498,-64.03638645,0.007680044,0,0,0,0
Player 458,795,-135.19,77.21,7.721,0,0,7.72,-17.00503145,-16.03396226,0.057104815,0,0,0,0
Player 459,794,-74.88,77.54,7.754,0,0,7.75,-9.430730479,-8.45465995,0.103498932,0,0,0,0
Player 460,792,-171.78,112.47,11.247,0,0,11.25,-21.68939394,-20.26893939,0.065490744,0,0,0,0
Player 461,790,-108.88,71.33,7.133,0,0,7.13,-13.78227848,-12.87974684,0.065484938,0,0,0,0
Player 462,787,47.19,49.95,4.995,0,0,5,5.996188056,6.631512071,0.105954651,1,1,1,1
Player 463,784,-747.99,123.86,12.386,0,0,12.39,-95.40688776,-93.82653061,0.016564393,0,0,0,0
Player 464,781,-256.81,29.82,2.982,0,0,2.98,-32.8822023,-32.5006402,0.01160391,0,0,0,0
Player 465,779,-337.11,60.36,6.036,0,0,6.04,-43.27471117,-42.49935815,0.017917,0,0,0,0
Player 466,777,-620.24,114.33,11.433,0,0,11.43,-79.82496782,-78.35392535,0.01842835,0,0,0,0
Player 467,774,-73.74,72.19,7.219,0,0,7.22,-9.527131783,-8.594315245,0.097911581,0,0,0,0
Player 468,773,-626.08,66.94,6.694,0,0,6.69,-80.99353169,-80.12807245,0.010685535,0,0,0,0
Player 469,771,-462.18,70.34,7.034,0,0,7.03,-59.94552529,-59.03372244,0.015210524,0,0,0,0
Player 470,769,-337.45,127.44,12.744,0,0,12.74,-43.8816645,-42.22496749,0.037753741,0,0,0,0
Player 471,767,-114.64,71.01,7.101,0,0,7.1,-14.94654498,-14.0208605,0.061933008,0,0,0,0
Player 472,765,3.37,117.06,11.706,0,0,11.71,0.440522876,1.97124183,3.474777448,1,1,1,1
Player 473,764,-370.29,78.11,7.811,0,0,7.81,-48.46727749,-47.44502618,0.021091577,0,0,0,0
Player 474,762,-805.68,115.11,11.511,0,0,11.51,-105.7322835,-104.2217848,0.014286069,0,0,0,0
Player 475,761,16.4,54.05,5.405,0,0,5.41,2.155059133,2.865965834,0.329878049,1,1,1,1
Player 476,759,-1157.92,83.92,8.392,0,0,8.39,-152.5586298,-151.4532279,0.007245751,0,0,0,0
Player 477,756,-397.34,87.7,8.77,0,0,8.77,-52.55820106,-51.39814815,0.022071777,0,0,0,0
Player 478,754,-16.72,85.57,8.557,0,0,8.56,-2.217506631,-1.082228117,0.511961722,0,0,0,0
Player 479,753,-136.85,66.5,6.65,0,0,6.65,-18.17397078,-17.29083665,0.04859335,0,0,0,0
Player 480,750,-181.57,29.28,2.928,0,0,2.93,-24.20933333,-23.81866667,0.016137027,0,0,0,0
Player 481,748,-161.63,48.8,4.88,0,0,4.88,-21.60828877,-20.95588235,0.030192415,0,0,0,0
Player 482,746,-309.02,38.76,3.876,0,0,3.88,-41.42359249,-40.90348525,0.012555822,0,0,0,0
Player 483,744,-252.64,29.98,2.998,0,0,3,-33.95698925,-33.55376344,0.011874604,0,0,0,0
Player 484,742,87.93,30.94,3.094,0,0,3.09,11.85040431,12.26684636,0.03514159,1,1,1,1
Player 485,740,5.54,90.81,9.081,0,0,9.08,0.748648649,1.975675676,1.63898917,1,1,1,1
Player 486,738,-322.62,58.32,5.832,0,0,5.83,-43.71544715,-42.92547425,0.018070795,0,0,0,0
Player 487,736,43.46,59.65,5.965,0,0,5.97,5.904891304,6.716032609,0.137367694,1,1,1,1
Player 488,734,-54.74,36.95,3.695,0,0,3.7,-7.457765668,-6.953678474,0.067592254,0,0,0,0
Player 489,733,-365.85,58.43,5.843,0,0,5.84,-49.91132333,-49.11459754,0.015962826,0,0,0,0
Player 490,731,128.21,60.17,6.017,0,0,6.02,17.53898769,18.3625171,0.046954216,1,1,1,1
Player 491,729,-474,85.54,8.554,0,0,8.55,-65.02057613,-63.84773663,0.018037975,0,0,0,0
Player 492,728,-203.02,39.52,3.952,0,0,3.95,-27.88736264,-27.34478022,0.019456211,0,0,0,0
Player 493,725,-30.8,92.45,9.245,0,0,9.25,-4.248275862,-2.972413793,0.300324675,0,0,0,0
Player 494,724,-555.11,54.67,5.467,0,0,5.47,-76.67265193,-75.91712707,0.009853903,0,0,0,0
Player 495,722,-113.33,156.3,15.63,0,0,15.63,-15.6966759,-13.53185596,0.137915821,0,0,0,0
Player 496,720,148.92,38.15,3.815,0,0,3.82,20.68333333,21.21388889,0.025651356,1,1,1,1
Player 497,719,249.99,105.18,10.518,0,0,10.52,34.76912378,36.23226704,0.042081683,1,1,1,1
Player 498,717,248.85,128.56,12.856,0,0,12.86,34.70711297,36.50069735,0.051677718,1,1,1,1
Player 499,714,672.86,114.19,11.419,0,0,11.42,94.23809524,95.83753501,0.016972327,1,1,1,1
Player 500,713,-27.88,74.17,7.417,0,0,7.42,-3.910238429,-2.869565217,0.266140603,0,0,0,0
Player 501,711,-677.8,107.89,10.789,0,0,10.79,-95.33052039,-93.81293952,0.01591915,0,0,0,0
Player 502,709,-110.51,100.62,10.062,0,0,10.06,-15.58674189,-14.16784203,0.091032486,0,0,0,0
Player 503,708,-165.99,59.49,5.949,0,0,5.95,-23.44491525,-22.60451977,0.035845533,0,0,0,0
Player 504,707,-81.27,58.25,5.825,0,0,5.83,-11.4950495,-10.67043847,0.071736188,0,0,0,0
Player 505,705,32.4,65.2,6.52,0,0,6.52,4.595744681,5.520567376,0.201234568,1,1,1,1
Player 506,704,200.7,86.05,8.605,0,0,8.61,28.50852273,29.73153409,0.042899851,1,1,1,1
Player 507,702,-10.48,97.81,9.781,0,0,9.78,-1.492877493,-0.0997151,0.933206107,0,0,0,0
Player 508,700,281.66,72.28,7.228,0,0,7.23,40.23714286,41.27,0.025669247,1,1,1,1
Player 509,699,-504.15,77.51,7.751,0,0,7.75,-72.12446352,-71.01573677,0.015372409,0,0,0,0
Player 510,695,-223.34,140.87,14.087,0,0,14.09,-32.1352518,-30.10791367,0.063087669,0,0,0,0
Player 511,694,-106.53,41.65,4.165,0,0,4.17,-15.35014409,-14.74927954,0.039143903,0,0,0,0
Player 512,693,-113.35,40.09,4.009,0,0,4.01,-16.35642136,-15.77777778,0.03537715,0,0,0,0
Player 513,691,117.23,77.13,7.713,0,0,7.71,16.96526773,18.08104197,0.065768148,1,1,1,1
Player 514,690,-167.72,41.47,4.147,0,0,4.15,-24.30724638,-23.7057971,0.02474362,0,0,0,0
Player 515,689,-324.29,51.62,5.162,0,0,5.16,-47.06676343,-46.31785196,0.015911684,0,0,0,0
Player 516,686,-52.17,70.82,7.082,0,0,7.08,-7.604956268,-6.572886297,0.135710178,0,0,0,0
Player 517,685,-672.45,130.9,13.09,0,0,13.09,-98.16788321,-96.25693431,0.019466131,0,0,0,0
Player 518,683,-27.43,197.46,19.746,0,0,19.75,-4.016105417,-1.124450952,0.720014583,0,0,0,0
Player 519,681,-546.19,33.8,3.38,0,0,3.38,-80.2041116,-79.70778267,0.006188323,0,0,0,0
Player 520,680,-193.67,72.38,7.238,0,0,7.24,-28.48088235,-27.41617647,0.037383178,0,0,0,0
Player 521,678,-216.47,165.31,16.531,0,0,16.53,-31.92772861,-29.48967552,0.076361621,0,0,0,0
Player 522,675,-18.16,49.46,4.946,0,0,4.95,-2.69037037,-1.957037037,0.272577093,0,0,0,0
Player 523,674,-342.41,62.65,6.265,0,0,6.27,-50.80267062,-49.87240356,0.018311381,0,0,0,0
Player 524,672,-309.03,58.27,5.827,0,0,5.83,-45.98660714,-45.11904762,0.018865482,0,0,0,0
Player 525,670,-97.17,79.63,7.963,0,0,7.96,-14.50298507,-13.31492537,0.081918288,0,0,0,0
Player 526,668,-582.91,62.61,6.261,0,0,6.26,-87.26197605,-86.3248503,0.010739222,0,0,0,0
Player 527,666,-350.16,44.17,4.417,0,0,4.42,-52.57657658,-51.91291291,0.012622801,0,0,0,0
Player 528,665,-261.78,35.8,3.58,0,0,3.58,-39.36541353,-38.82706767,0.013675605,0,0,0,0
Player 529,663,118.77,93.5,9.35,0,0,9.35,17.91402715,19.32428356,0.078723583,1,1,1,1
Player 530,661,-773.68,82.28,8.228,0,0,8.23,-117.0468986,-115.8018154,0.010637473,0,0,0,0
Player 531,660,-200.74,84.47,8.447,0,0,8.45,-30.41515152,-29.13484848,0.042094251,0,0,0,0
Player 532,659,-107.66,131.5,13.15,0,0,13.15,-16.33687405,-14.3414264,0.122143786,0,0,0,0
Player 533,657,-823.26,163.84,16.384,0,0,16.38,-125.3059361,-122.8127854,0.019896509,0,0,0,0
Player 534,654,-119.53,60.74,6.074,0,0,6.07,-18.27675841,-17.34862385,0.05078223,0,0,0,0
Player 535,653,30.05,61.06,6.106,0,0,6.11,4.601837672,5.537519142,0.203327787,1,1,1,1
Player 536,651,-278.61,65.07,6.507,0,0,6.51,-42.79723502,-41.79723502,0.023365995,0,0,0,0
Player 537,649,232.06,44.65,4.465,0,0,4.47,35.75654854,36.44530046,0.01926226,1,1,1,1
Player 538,647,-484.49,101.21,10.121,0,0,10.12,-74.88253478,-73.31839258,0.020887944,0,0,0,0
Player 539,646,-223.01,57.81,5.781,0,0,5.78,-34.52167183,-33.62693498,0.02591812,0,0,0,0
Player 540,644,578.76,86.85,8.685,0,0,8.69,89.86956522,91.2189441,0.015014859,1,1,1,1
Player 541,642,-52.35,45.58,4.558,0,0,4.56,-8.154205607,-7.443925234,0.087106017,0,0,0,0
Player 542,641,-289.18,54.04,5.404,0,0,5.4,-45.11388456,-44.27145086,0.018673491,0,0,0,0
Player 543,639,3.73,65.06,6.506,0,0,6.51,0.58372457,1.602503912,1.745308311,1,1,1,1
Player 544,638,-109.03,76.84,7.684,0,0,7.68,-17.08934169,-15.88557994,0.070439329,0,0,0,0
Player 545,636,-4.98,32.89,3.289,0,0,3.29,-0.783018868,-0.26572327,0.66064257,0,0,0,0
Player 546,634,-214.52,131.1,13.11,0,0,13.11,-33.83596215,-31.7681388,0.061113183,0,0,0,0
Player 547,633,-390.7,59.21,5.921,0,0,5.92,-61.72195893,-60.78672986,0.015152291,0,0,0,0
Player 548,631,-240.16,42.72,4.272,0,0,4.27,-38.06022187,-37.38351823,0.017779813,0,0,0,0
Player 549,630,-113.76,66.48,6.648,0,0,6.65,-18.05714286,-17.0015873,0.058456399,0,0,0,0
Player 550,629,-816.8,86.13,8.613,0,0,8.61,-129.8569157,-128.4880763,0.010541136,0,0,0,0
Player 551,628,-278.83,63.7,6.37,0,0,6.37,-44.39968153,-43.38535032,0.022845461,0,0,0,0
Player 552,626,1.45,35.29,3.529,0,0,3.53,0.231629393,0.795527157,2.434482759,1,1,1,1
Player 553,625,-136.4,41.36,4.136,0,0,4.14,-21.824,-21.1616,0.030351906,0,0,0,0
Player 554,624,-294.98,47.7,4.77,0,0,4.77,-47.2724359,-46.50801282,0.016170588,0,0,0,0
Player 555,622,-134.23,62.6,6.26,0,0,6.26,-21.58038585,-20.57395498,0.04663637,0,0,0,0
Player 556,621,80.32,62.5,6.25,0,0,6.25,12.93397746,13.94041868,0.077813745,1,1,1,1
Player 557,620,-35.11,56.36,5.636,0,0,5.64,-5.662903226,-4.753225806,0.160637995,0,0,0,0
Player 558,619,-233.4,42.73,4.273,0,0,4.27,-37.70597738,-37.01615509,0.018294773,0,0,0,0
Player 559,617,-92.43,45.44,4.544,0,0,4.54,-14.98055105,-14.24473258,0.049118252,0,0,0,0
Player 560,616,-128.04,26.02,2.602,0,0,2.6,-20.78571429,-20.36363636,0.020306154,0,0,0,0
Player 561,615,616.57,153.7,15.37,0,0,15.37,100.2552846,102.7544715,0.024928232,1,1,1,1
Player 562,613,20.03,47.99,4.799,0,0,4.8,3.267536705,4.050570962,0.239640539,1,1,1,1
Player 563,611,-40.53,49.75,4.975,0,0,4.98,-6.633387889,-5.818330606,0.122871947,0,0,0,0
Player 564,611,-32.48,59.15,5.915,0,0,5.92,-5.315875614,-4.346972177,0.18226601,0,0,0,0
Player 565,609,-461.8,37.99,3.799,0,0,3.8,-75.82922824,-75.20525452,0.00822867,0,0,0,0
Player 566,608,-666.35,69.54,6.954,0,0,6.95,-109.5970395,-108.4539474,0.010429954,0,0,0,0
Player 567,607,-53.39,52.82,5.282,0,0,5.28,-8.795716639,-7.925864909,0.098894924,0,0,0,0
Player 568,606,37.76,52.91,5.291,0,0,5.29,6.231023102,7.103960396,0.140095339,1,1,1,1
Player 569,604,432.45,90.22,9.022,0,0,9.02,71.59768212,73.0910596,0.020857903,1,1,1,1
Player 570,602,-74.17,51.66,5.166,0,0,5.17,-12.32059801,-11.46179402,0.069704732,0,0,0,0
Player 571,601,-385.53,58.28,5.828,0,0,5.83,-64.14808652,-63.17803661,0.01512204,0,0,0,0
Player 572,600,-451.5,101.3,10.13,0,0,10.13,-75.25,-73.56166667,0.022436323,0,0,0,0
Player 573,599,-606.52,130.8,13.08,0,0,13.08,-101.2554257,-99.07178631,0.021565653,0,0,0,0
Player 574,598,-41.71,29.65,2.965,0,0,2.97,-6.974916388,-6.47826087,0.071205946,0,0,0,0
Player 575,596,159.93,132.77,13.277,0,0,13.28,26.83389262,29.06208054,0.083036328,1,1,1,1
Player 576,595,-34.58,90.98,9.098,0,0,9.1,-5.811764706,-4.282352941,0.263157895,0,0,0,0
Player 577,594,-70.77,104.42,10.442,0,0,10.44,-11.91414141,-10.15656566,0.147520136,0,0,0,0
Player 578,592,-494.13,79,7.9,0,0,7.9,-83.46790541,-82.13344595,0.015987696,0,0,0,0
Player 579,591,91.55,86.64,8.664,0,0,8.66,15.49069374,16.95600677,0.094593119,1,1,1,1
Player 580,590,-219.36,33.17,3.317,0,0,3.32,-37.17966102,-36.61694915,0.015134938,0,0,0,0
Player 581,589,-229.21,58.87,5.887,0,0,5.89,-38.91511036,-37.91511036,0.025696959,0,0,0,0
Player 582,588,145.64,56.24,5.624,0,0,5.62,24.76870748,25.7244898,0.0385883,1,1,1,1
Player 583,587,-26.59,27.39,2.739,0,0,2.74,-4.529812606,-4.063032368,0.103046258,0,0,0,0
Player 584,586,-81.96,103.98,10.398,0,0,10.4,-13.98634812,-12.2116041,0.126891166,0,0,0,0
Player 585,585,-51.01,105.18,10.518,0,0,10.52,-8.71965812,-6.921367521,0.206234072,0,0,0,0
Player 586,584,-411.11,35.78,3.578,0,0,3.58,-70.39554795,-69.78253425,0.008708132,0,0,0,0
Player 587,583,-459.65,62.66,6.266,0,0,6.27,-78.84219554,-77.76672384,0.013640814,0,0,0,0
Player 588,582,-666.01,50.6,5.06,0,0,5.06,-114.4347079,-113.5652921,0.007597484,0,0,0,0
Player 589,581,-226.87,35.71,3.571,0,0,3.57,-39.04819277,-38.43373494,0.015735884,0,0,0,0
Player 590,580,-139.99,41.67,4.167,0,0,4.17,-24.1362069,-23.41724138,0.029787842,0,0,0,0
Player 591,579,-179.86,68.32,6.832,0,0,6.83,-31.06390328,-29.88428325,0.03797398,0,0,0,0
Player 592,578,-11.2,76.71,7.671,0,0,7.67,-1.937716263,-0.610726644,0.684821429,0,0,0,0
Player 593,576,215.11,55.96,5.596,0,0,5.6,37.34548611,38.31770833,0.026033192,1,1,1,1
Player 594,574,-77.29,33.9,3.39,0,0,3.39,-13.46515679,-12.87456446,0.043860784,0,0,0,0
Player 595,573,-383.91,24.62,2.462,0,0,2.46,-67,-66.57068063,0.006407752,0,0,0,0
Player 596,572,156.41,59.13,5.913,0,0,5.91,27.34440559,28.37762238,0.037785308,1,1,1,1
Player 597,570,-275.28,49,4.9,0,0,4.9,-48.29473684,-47.43508772,0.017800058,0,0,0,0
Player 598,568,-401.64,53.79,5.379,0,0,5.38,-70.71126761,-69.76408451,0.01339508,0,0,0,0
Player 599,567,-170.57,27.43,2.743,0,0,2.74,-30.08289242,-29.59964727,0.016063786,0,0,0,0
Player 600,566,-132.49,39.33,3.933,0,0,3.93,-23.40812721,-22.71378092,0.029662616,0,0,0,0
Player 601,565,-319.64,45.78,4.578,0,0,4.58,-56.57345133,-55.76283186,0.01432862,0,0,0,0
Player 602,563,338.62,142.1,14.21,0,0,14.21,60.14564831,62.669627,0.041964444,1,1,1,1
Player 603,562,260.51,56.75,5.675,0,0,5.68,46.35409253,47.36476868,0.021803386,1,1,1,1
Player 604,561,-714.43,172.79,17.279,0,0,17.28,-127.3493761,-124.2691622,0.024187114,0,0,0,0
Player 605,560,-318.67,72.65,7.265,0,0,7.27,-56.90535714,-55.60714286,0.022813569,0,0,0,0
Player 606,559,-203.85,100.46,10.046,0,0,10.05,-36.46690519,-34.66905188,0.049300957,0,0,0,0
Player 607,557,74.23,95.89,9.589,0,0,9.59,13.32675045,15.04847397,0.129193049,1,1,1,1
Player 608,556,-46.41,26.33,2.633,0,0,2.63,-8.347122302,-7.874100719,0.056668821,0,0,0,0
Player 609,555,-93.3,77.02,7.702,0,0,7.7,-16.81081081,-15.42342342,0.082529475,0,0,0,0
Player 610,554,-61.8,43.28,4.328,0,0,4.33,-11.15523466,-10.37364621,0.070064725,0,0,0,0
Player 611,553,-567.28,66,6.6,0,0,6.6,-102.5822785,-101.3887884,0.011634466,0,0,0,0
Player 612,551,149.06,71.32,7.132,0,0,7.13,27.05263158,28.34664247,0.047833087,1,1,1,1
Player 613,550,-103.53,30.59,3.059,0,0,3.06,-18.82363636,-18.26727273,0.02955665,0,0,0,0
Player 614,549,-474.77,70.47,7.047,0,0,7.05,-86.47905282,-85.19489982,0.014849295,0,0,0,0
Player 615,547,-486.96,42.55,4.255,0,0,4.26,-89.023766,-88.24497258,0.008748152,0,0,0,0
Player 616,546,-420.9,50.18,5.018,0,0,5.02,-77.08791209,-76.16849817,0.011926823,0,0,0,0
Player 617,544,-809.03,104.7,10.47,0,0,10.47,-148.71875,-146.7941176,0.012941424,0,0,0,0
Player 618,544,-306.47,74.18,7.418,0,0,7.42,-56.33639706,-54.97242647,0.024211179,0,0,0,0
Player 619,542,114.03,21.44,2.144,0,0,2.14,21.03874539,21.43357934,0.018766991,1,1,1,1
Player 620,541,84.16,60.36,6.036,0,0,6.04,15.55637708,16.6728281,0.071768061,1,1,1,1
Player 621,540,-226.54,80.56,8.056,0,0,8.06,-41.95185185,-40.45925926,0.035578706,0,0,0,0
Player 622,540,-52.5,40.06,4.006,0,0,4.01,-9.722222222,-8.97962963,0.076380952,0,0,0,0
Player 623,539,-152.95,36.88,3.688,0,0,3.69,-28.37662338,-27.69202226,0.024125531,0,0,0,0
Player 624,538,-48.29,146.33,14.633,0,0,14.63,-8.975836431,-6.256505576,0.302961276,0,0,0,0
Player 625,537,-236.5,82.73,8.273,0,0,8.27,-44.04096834,-42.5009311,0.034968288,0,0,0,0
Player 626,536,-617.95,59.84,5.984,0,0,5.98,-115.2891791,-114.1735075,0.009677158,0,0,0,0
Player 627,535,-241.15,42.42,4.242,0,0,4.24,-45.07476636,-44.28224299,0.017582418,0,0,0,0
Player 628,534,-615.27,49.5,4.95,0,0,4.95,-115.2191011,-114.2921348,0.008045248,0,0,0,0
Player 629,533,-52.03,25.47,2.547,0,0,2.55,-9.761726079,-9.283302064,0.049010186,0,0,0,0
Player 630,532,-206.64,50.19,5.019,0,0,5.02,-38.84210526,-37.89849624,0.024293457,0,0,0,0
Player 631,531,-319.08,50.5,5.05,0,0,5.05,-60.09039548,-59.1393597,0.015826752,0,0,0,0
Player 632,530,-435.31,129.11,12.911,0,0,12.91,-82.13396226,-79.69811321,0.029657026,0,0,0,0
Player 633,530,-363.21,62.83,6.283,0,0,6.28,-68.53018868,-67.34528302,0.017290273,0,0,0,0
Player 634,529,-33.67,60.85,6.085,0,0,6.09,-6.364839319,-5.213610586,0.180873181,0,0,0,0
Player 635,528,84.45,53.08,5.308,0,0,5.31,15.99431818,17,0.062877442,1,1,1,1
Player 636,527,-272.18,60.78,6.078,0,0,6.08,-51.64705882,-50.49335863,0.022338159,0,0,0,0
Player 637,526,-182.68,34.61,3.461,0,0,3.46,-34.73003802,-34.07224335,0.018940223,0,0,0,0
Player 638,525,-132.05,51.81,5.181,0,0,5.18,-25.15238095,-24.16571429,0.039227565,0,0,0,0
Player 639,524,-130.33,53.06,5.306,0,0,5.31,-24.8721374,-23.85877863,0.04074273,0,0,0,0
Player 640,523,-234.65,43.28,4.328,0,0,4.33,-44.86615679,-44.03824092,0.018453015,0,0,0,0
Player 641,521,333.64,35.25,3.525,0,0,3.53,64.03838772,64.7159309,0.010580266,1,1,1,1
Player 642,520,35.59,37.62,3.762,0,0,3.76,6.844230769,7.567307692,0.105647654,1,1,1,1
Player 643,519,-306.1,66.66,6.666,0,0,6.67,-58.97880539,-57.69364162,0.021790265,0,0,0,0
Player 644,518,-435.61,54.6,5.46,0,0,5.46,-84.09459459,-83.04054054,0.012534148,0,0,0,0
Player 645,517,75.88,25.86,2.586,0,0,2.59,14.67698259,15.17794971,0.034132841,1,1,1,1
Player 646,516,-63.73,72.03,7.203,0,0,7.2,-12.35077519,-10.95542636,0.11297662,0,0,0,0
Player 647,516,154.35,34.62,3.462,0,0,3.46,29.9127907,30.58333333,0.022416586,1,1,1,1
Player 648,514,162.1,90.33,9.033,0,0,9.03,31.53696498,33.29377432,0.055706354,1,1,1,1
Player 649,514,242.47,61.09,6.109,0,0,6.11,47.17315175,48.3618677,0.025198994,1,1,1,1
Player 650,513,-293.66,104.42,10.442,0,0,10.44,-57.24366472,-55.208577,0.035551318,0,0,0,0
Player 651,513,-162.43,54.29,5.429,0,0,5.43,-31.66276803,-30.6042885,0.033429785,0,0,0,0
Player 652,512,-9.78,44.69,4.469,0,0,4.47,-1.91015625,-1.037109375,0.457055215,0,0,0,0
Player 653,512,49.96,35.33,3.533,0,0,3.53,9.7578125,10.44726563,0.070656525,1,1,1,1
Player 654,511,-80.8,84.09,8.409,0,0,8.41,-15.81213307,-14.16634051,0.104084158,0,0,0,0
Player 655,510,-298.83,79.86,7.986,0,0,7.99,-58.59411765,-57.02745098,0.02673761,0,0,0,0
Player 656,509,-352.01,32.14,3.214,0,0,3.21,-69.15717092,-68.52652259,0.009119059,0,0,0,0
Player 657,508,161.7,31.43,3.143,0,0,3.14,31.83070866,32.4488189,0.019418677,1,1,1,1
Player 658,507,99.52,18.48,1.848,0,0,1.85,19.62919132,19.99408284,0.018589228,1,1,1,1
Player 659,507,-252.45,62.33,6.233,0,0,6.23,-49.79289941,-48.56410256,0.024678154,0,0,0,0
Player 660,506,-112.73,73.06,7.306,0,0,7.31,-22.27865613,-20.83399209,0.064845205,0,0,0,0
Player 661,505,-200.05,42.71,4.271,0,0,4.27,-39.61386139,-38.76831683,0.021344664,0,0,0,0
Player 662,504,-161.64,42.16,4.216,0,0,4.22,-32.07142857,-31.23412698,0.026107399,0,0,0,0
Player 663,503,-281.47,34.73,3.473,0,0,3.47,-55.9582505,-55.26838966,0.012328134,0,0,0,0
Player 664,502,-78.27,83.27,8.327,0,0,8.33,-15.59163347,-13.93227092,0.106426472,0,0,0,0
Player 665,502,-128.94,25.95,2.595,0,0,2.6,-25.68525896,-25.16733068,0.020164418,0,0,0,0
Player 666,500,20.11,58.59,5.859,0,0,5.86,4.022,5.194,0.291397315,1,1,1,1
Player 667,500,-144.72,32,3.2,0,0,3.2,-28.944,-28.304,0.022111664,0,0,0,0
Player 668,499,-13.89,40.83,4.083,0,0,4.08,-2.783567134,-1.965931864,0.293736501,0,0,0,0
Player 669,498,-536.01,57.82,5.782,0,0,5.78,-107.6325301,-106.4718876,0.010783381,0,0,0,0
Player 670,497,68.89,70.21,7.021,0,0,7.02,13.861167,15.27364185,0.101901582,1,1,1,1
Player 671,496,131.79,64.57,6.457,0,0,6.46,26.57056452,27.87298387,0.049017376,1,1,1,1
Player 672,495,32.89,68.17,6.817,0,0,6.82,6.644444444,8.022222222,0.20735786,1,1,1,1
Player 673,494,-315.07,44.13,4.413,0,0,4.41,-63.77935223,-62.88663968,0.01399689,0,0,0,0
Player 674,493,183.44,56.22,5.622,0,0,5.62,37.20892495,38.34888438,0.03063672,1,1,1,1
Player 675,492,-280.43,52.34,5.234,0,0,5.23,-56.99796748,-55.93495935,0.01864993,0,0,0,0
Player 676,492,-324.48,77.05,7.705,0,0,7.71,-65.95121951,-64.38414634,0.023761095,0,0,0,0
Player 677,491,42.87,45.55,4.555,0,0,4.56,8.731160896,9.6598778,0.10636809,1,1,1,1
Player 678,490,-163.08,45.15,4.515,0,0,4.52,-33.28163265,-32.35918367,0.027716458,0,0,0,0
Player 679,488,-221.94,37.01,3.701,0,0,3.7,-45.4795082,-44.72131148,0.016671172,0,0,0,0
Player 680,486,59.65,61.84,6.184,0,0,6.18,12.27366255,13.54526749,0.103604359,1,1,1,1
Player 681,485,-273.08,23.05,2.305,0,0,2.31,-56.30515464,-55.82886598,0.00845906,0,0,0,0
Player 682,485,-129.31,55.85,5.585,0,0,5.59,-26.66185567,-25.50927835,0.043229449,0,0,0,0
Player 683,483,-208.66,36.19,3.619,0,0,3.62,-43.20082816,-42.45134576,0.017348797,0,0,0,0
Player 684,483,-319.4,55.94,5.594,0,0,5.59,-66.12836439,-64.97101449,0.017501565,0,0,0,0
Player 685,482,93.52,42.87,4.287,0,0,4.29,19.40248963,20.29253112,0.045872541,1,1,1,1
Player 686,481,-69.83,61.95,6.195,0,0,6.2,-14.51767152,-13.22869023,0.088787054,0,0,0,0
Player 687,481,-159.64,44.33,4.433,0,0,4.43,-33.18918919,-32.26819127,0.027749937,0,0,0,0
Player 688,480,-246.29,23.14,2.314,0,0,2.31,-51.31041667,-50.82916667,0.009379187,0,0,0,0
Player 689,479,-422,32.7,3.27,0,0,3.27,-88.10020877,-87.41753653,0.007748815,0,0,0,0
Player 690,478,-152.89,13.58,1.358,0,0,1.36,-31.98535565,-31.70083682,0.008895284,0,0,0,0
Player 691,477,-21.6,39.57,3.957,0,0,3.96,-4.528301887,-3.698113208,0.183333333,0,0,0,0
Player 692,476,194.45,34.2,3.42,0,0,3.42,40.85084034,41.56932773,0.017588069,1,1,1,1
Player 693,475,562.37,115.31,11.531,0,0,11.53,118.3936842,120.8210526,0.020502516,1,1,1,1
Player 694,474,-307.02,17.83,1.783,0,0,1.78,-64.7721519,-64.39662447,0.005797668,0,0,0,0
Player 695,473,-71.16,41.8,4.18,0,0,4.18,-15.04439746,-14.16067653,0.058740866,0,0,0,0
Player 696,472,-907.09,26.23,2.623,0,0,2.62,-192.1800847,-191.625,0.002888357,0,0,0,0
Player 697,472,-495.76,95.2,9.52,0,0,9.52,-105.0338983,-103.0169492,0.01920284,0,0,0,0
Player 698,471,-495.82,41.13,4.113,0,0,4.11,-105.2696391,-104.3970276,0.008289299,0,0,0,0
Player 699,470,30.81,21.55,2.155,0,0,2.16,6.555319149,7.014893617,0.070107108,1,1,1,1
Player 700,470,-329.48,86.47,8.647,0,0,8.65,-70.10212766,-68.26170213,0.02625349,0,0,0,0
Player 701,469,-189.82,32.75,3.275,0,0,3.28,-40.47334755,-39.77398721,0.017279528,0,0,0,0
Player 702,468,-158.18,34.94,3.494,0,0,3.49,-33.7991453,-33.0534188,0.022063472,0,0,0,0
Player 703,467,-113.01,109.24,10.924,0,0,10.92,-24.19914347,-21.8608137,0.096628617,0,0,0,0
Player 704,466,-196.06,28.97,2.897,0,0,2.9,-42.07296137,-41.45064378,0.01479139,0,0,0,0
Player 705,465,-556.36,35.82,3.582,0,0,3.58,-119.6473118,-118.8774194,0.006434683,0,0,0,0
Player 706,464,-289.76,36.57,3.657,0,0,3.66,-62.44827586,-61.65948276,0.012631143,0,0,0,0
Player 707,463,-265.76,38.04,3.804,0,0,3.8,-57.39956803,-56.57883369,0.014298615,0,0,0,0
Player 708,463,-91.17,25.97,2.597,0,0,2.6,-19.69114471,-19.12958963,0.028518153,0,0,0,0
Player 709,462,474.37,105.23,10.523,0,0,10.52,102.6774892,104.9545455,0.022176782,1,1,1,1
Player 710,461,-5.98,41.53,4.153,0,0,4.15,-1.297180043,-0.396963124,0.693979933,0,0,0,0
Player 711,460,-681.4,67.45,6.745,0,0,6.75,-148.1304348,-146.6630435,0.009906076,0,0,0,0
Player 712,459,61.93,37.91,3.791,0,0,3.79,13.49237473,14.31808279,0.061198127,1,1,1,1
Player 713,459,-301.33,73.68,7.368,0,0,7.37,-65.64923747,-64.04357298,0.024458235,0,0,0,0
Player 714,458,-73.03,36.91,3.691,0,0,3.69,-15.94541485,-15.13973799,0.050527181,0,0,0,0
Player 715,457,5.55,72.25,7.225,0,0,7.23,1.214442013,2.796498906,1.302702703,1,1,1,1
Player 716,456,-85.55,85.42,8.542,0,0,8.54,-18.76096491,-16.88815789,0.099824664,0,0,0,0
Player 717,456,-402.31,53.17,5.317,0,0,5.32,-88.22587719,-87.05921053,0.013223634,0,0,0,0
Player 718,455,-507.12,17.81,1.781,0,0,1.78,-111.4549451,-111.0637363,0.003510017,0,0,0,0
Player 719,454,-133.87,75.71,7.571,0,0,7.57,-29.48678414,-27.81938326,0.056547397,0,0,0,0
Player 720,453,-206.26,29.48,2.948,0,0,2.95,-45.53200883,-44.8807947,0.014302337,0,0,0,0
Player 721,453,-210.61,43.21,4.321,0,0,4.32,-46.49227373,-45.53863135,0.020511847,0,0,0,0
Player 722,452,-183.2,61.58,6.158,0,0,6.16,-40.53097345,-39.16814159,0.033624454,0,0,0,0
Player 723,451,-245.08,71.34,7.134,0,0,7.13,-54.34146341,-52.76053215,0.029092541,0,0,0,0
Player 724,450,51.13,52.95,5.295,0,0,5.3,11.36222222,12.54,0.103657344,1,1,1,1
Player 725,449,-189.87,25.91,2.591,0,0,2.59,-42.28730512,-41.71046771,0.013640912,0,0,0,0
Player 726,449,-90.3,44.74,4.474,0,0,4.47,-20.11135857,-19.11581292,0.049501661,0,0,0,0
Player 727,448,-264.14,34.91,3.491,0,0,3.49,-58.95982143,-58.18080357,0.01321269,0,0,0,0
Player 728,447,-273.31,55.2,5.52,0,0,5.52,-61.14317673,-59.9082774,0.020196846,0,0,0,0
Player 729,447,-131.67,73.53,7.353,0,0,7.35,-29.45637584,-27.81208054,0.055821372,0,0,0,0
Player 730,446,-366.36,80.81,8.081,0,0,8.08,-82.14349776,-80.33183857,0.022054809,0,0,0,0
Player 731,445,-157.26,31.01,3.101,0,0,3.1,-35.33932584,-34.64269663,0.019712578,0,0,0,0
Player 732,444,-37.41,25.09,2.509,0,0,2.51,-8.425675676,-7.86036036,0.06709436,0,0,0,0
Player 733,443,-63.47,61.01,6.101,0,0,6.1,-14.32731377,-12.9503386,0.096108398,0,0,0,0
Player 734,443,-14.97,28.03,2.803,0,0,2.8,-3.379232506,-2.74717833,0.187040748,0,0,0,0
Player 735,442,108.01,53.85,5.385,0,0,5.39,24.43665158,25.6561086,0.049902787,1,1,1,1
Player 736,441,-143.89,31.69,3.169,0,0,3.17,-32.62811791,-31.90929705,0.022030718,0,0,0,0
Player 737,441,-306.33,43.42,4.342,0,0,4.34,-69.46258503,-68.47845805,0.014167728,0,0,0,0
Player 738,440,-46.39,59.06,5.906,0,0,5.91,-10.54318182,-9.2,0.127398146,0,0,0,0
Player 739,439,-464.53,85.36,8.536,0,0,8.54,-105.8154897,-103.8701595,0.018384173,0,0,0,0
Player 740,438,188.27,58.16,5.816,0,0,5.82,42.98401826,44.31278539,0.03091305,1,1,1,1
Player 741,438,128.89,46.06,4.606,0,0,4.61,29.42694064,30.47945205,0.035766933,1,1,1,1
Player 742,437,-197.75,38.31,3.831,0,0,3.83,-45.25171625,-44.37528604,0.019367889,0,0,0,0
Player 743,436,-81.29,28.09,2.809,0,0,2.81,-18.64449541,-18,0.034567597,0,0,0,0
Player 744,435,-156.49,31.08,3.108,0,0,3.11,-35.97471264,-35.25977011,0.019873474,0,0,0,0
Player 745,435,244.06,47.46,4.746,0,0,4.75,56.10574713,57.19770115,0.019462427,1,1,1,1
Player 746,434,-107.67,46.42,4.642,0,0,4.64,-24.80875576,-23.73963134,0.043094641,0,0,0,0
Player 747,433,-296.94,37.17,3.717,0,0,3.72,-68.57736721,-67.7182448,0.012527783,0,0,0,0
Player 748,432,137.37,47,4.7,0,0,4.7,31.79861111,32.88657407,0.034214166,1,1,1,1
Player 749,431,-134.05,20.91,2.091,0,0,2.09,-31.10208817,-30.61716937,0.015591197,0,0,0,0
Player 750,430,-56.38,35.64,3.564,0,0,3.56,-13.11162791,-12.28372093,0.063142958,0,0,0,0
Player 751,430,-71.41,40.49,4.049,0,0,4.05,-16.60697674,-15.66511628,0.056714746,0,0,0,0
Player 752,429,-63.29,14.97,1.497,0,0,1.5,-14.75291375,-14.4032634,0.023700427,0,0,0,0
Player 753,428,-442.79,50.2,5.02,0,0,5.02,-103.4556075,-102.2827103,0.011337203,0,0,0,0
Player 754,427,-670.38,50.43,5.043,0,0,5.04,-156.9976581,-155.8173302,0.007518124,0,0,0,0
Player 755,426,173.34,30.23,3.023,0,0,3.02,40.69014085,41.39906103,0.017422407,1,1,1,1
Player 756,426,-315.51,40.29,4.029,0,0,4.03,-74.06338028,-73.11737089,0.012772971,0,0,0,0
Player 757,425,-401.73,53.69,5.369,0,0,5.37,-94.52470588,-93.26117647,0.013367187,0,0,0,0
Player 758,425,145.02,74.64,7.464,0,0,7.46,34.12235294,35.87764706,0.051441181,1,1,1,1
Player 759,424,409.62,53.53,5.353,0,0,5.35,96.60849057,97.87028302,0.013060886,1,1,1,1
Player 760,423,196.36,37.38,3.738,0,0,3.74,46.42080378,47.30496454,0.019046649,1,1,1,1
Player 761,422,26.43,68,6.8,0,0,6.8,6.263033175,7.874407583,0.25728339,1,1,1,1
Player 762,421,-31.8,34.63,3.463,0,0,3.46,-7.553444181,-6.731591449,0.108805031,0,0,0,0
Player 763,420,-1165.32,90.47,9.047,0,0,9.05,-277.4571429,-275.302381,0.007766107,0,0,0,0
Player 764,419,-186.54,27.89,2.789,0,0,2.79,-44.5202864,-43.85441527,0.014956578,0,0,0,0
Player 765,419,-101.65,39.92,3.992,0,0,3.99,-24.2601432,-23.30787589,0.039252336,0,0,0,0
Player 766,418,-17.1,62.44,6.244,0,0,6.24,-4.090909091,-2.598086124,0.364912281,0,0,0,0
Player 767,417,-282.55,47.46,4.746,0,0,4.75,-67.75779376,-66.61870504,0.016811184,0,0,0,0
Player 768,416,-307.06,53.06,5.306,0,0,5.31,-73.8125,-72.53605769,0.017293037,0,0,0,0
Player 769,415,465.56,100.96,10.096,0,0,10.1,112.1831325,114.6168675,0.021694304,1,1,1,1
Player 770,415,60.23,31.38,3.138,0,0,3.14,14.51325301,15.26987952,0.052133488,1,1,1,1
Player 771,415,-279.06,48.29,4.829,0,0,4.83,-67.24337349,-66.07951807,0.017308106,0,0,0,0
Player 772,414,66.68,36.21,3.621,0,0,3.62,16.10628019,16.98067633,0.054289142,1,1,1,1
Player 773,413,-114.72,22.96,2.296,0,0,2.3,-27.77723971,-27.22033898,0.020048815,0,0,0,0
Player 774,412,199.62,69.25,6.925,0,0,6.93,48.45145631,50.13349515,0.03471596,1,1,1,1
Player 775,411,-60.07,60.37,6.037,0,0,6.04,-14.61557178,-13.1459854,0.100549359,0,0,0,0
Player 776,410,-97.33,73.53,7.353,0,0,7.35,-23.73902439,-21.94634146,0.075516285,0,0,0,0
Player 777,409,-391.98,31.14,3.114,0,0,3.11,-95.83863081,-95.07823961,0.007934078,0,0,0,0
Player 778,409,-149.42,28.09,2.809,0,0,2.81,-36.53300733,-35.84596577,0.01880605,0,0,0,0
Player 779,408,-72.41,51.36,5.136,0,0,5.14,-17.74754902,-16.4877451,0.070984671,0,0,0,0
Player 780,407,-297.18,86.93,8.693,0,0,8.69,-73.01719902,-70.88206388,0.029241537,0,0,0,0
Player 781,406,-228.96,74.59,7.459,0,0,7.46,-56.39408867,-54.55665025,0.03258211,0,0,0,0
Player 782,405,218.27,63.18,6.318,0,0,6.32,53.89382716,55.45432099,0.028954964,1,1,1,1
Player 783,405,-145.82,27.83,2.783,0,0,2.78,-36.00493827,-35.31851852,0.0190646,0,0,0,0
Player 784,405,28.79,49.35,4.935,0,0,4.94,7.108641975,8.328395062,0.171587357,1,1,1,1
Player 785,405,-293.07,53.97,5.397,0,0,5.4,-72.36296296,-71.02962963,0.018425632,0,0,0,0
Player 786,404,-340.25,70.28,7.028,0,0,7.03,-84.22029703,-82.48019802,0.020661278,0,0,0,0
Player 787,403,177.25,50.77,5.077,0,0,5.08,43.98263027,45.24317618,0.028660085,1,1,1,1
Player 788,403,454.6,42.35,4.235,0,0,4.24,112.8039702,113.8560794,0.009326881,1,1,1,1
Player 789,402,-118.38,36.78,3.678,0,0,3.68,-29.44776119,-28.53233831,0.031086332,0,0,0,0
Player 790,401,-100.7,18.77,1.877,0,0,1.88,-25.11221945,-24.64339152,0.018669315,0,0,0,0
Player 791,401,-6.11,35.76,3.576,0,0,3.58,-1.523690773,-0.630922693,0.585924714,0,0,0,0
Player 792,400,-254.81,39.78,3.978,0,0,3.98,-63.7025,-62.7075,0.015619481,0,0,0,0
Player 793,400,206.27,83.43,8.343,0,0,8.34,51.5675,53.6525,0.040432443,1,1,1,1
Player 794,399,-240.21,15.33,1.533,0,0,1.53,-60.20300752,-59.81954887,0.006369427,0,0,0,0
Player 795,399,-204.85,33.27,3.327,0,0,3.33,-51.34085213,-50.50626566,0.016255797,0,0,0,0
Player 796,398,-137.61,60.84,6.084,0,0,6.08,-34.57537688,-33.04773869,0.044182836,0,0,0,0
Player 797,397,-100.95,45.77,4.577,0,0,4.58,-25.42821159,-24.27455919,0.045368995,0,0,0,0
Player 798,396,-493.24,64.55,6.455,0,0,6.46,-124.5555556,-122.9242424,0.013097072,0,0,0,0
Player 799,396,-158.03,56.41,5.641,0,0,5.64,-39.90656566,-38.48232323,0.035689426,0,0,0,0
Player 800,396,158.54,26.54,2.654,0,0,2.65,40.03535354,40.70454545,0.016715025,1,1,1,1
Player 801,395,-231.87,53.31,5.331,0,0,5.33,-58.70126582,-57.35189873,0.022987019,0,0,0,0
Player 802,394,-461.13,11.57,1.157,0,0,1.16,-117.0380711,-116.7436548,0.00251556,0,0,0,0
Player 803,394,-121.97,27.63,2.763,0,0,2.76,-30.95685279,-30.25634518,0.022628515,0,0,0,0
Player 804,393,-761.91,134.54,13.454,0,0,13.45,-193.870229,-190.4478372,0.017653004,0,0,0,0
Player 805,392,-544.79,42.29,4.229,0,0,4.23,-138.9770408,-137.8979592,0.00776446,0,0,0,0
Player 806,391,184.63,25.93,2.593,0,0,2.59,47.21994885,47.88235294,0.014028056,1,1,1,1
Player 807,391,-282.41,66.81,6.681,0,0,6.68,-72.22762148,-70.51918159,0.023653553,0,0,0,0
Player 808,390,-169.51,18.28,1.828,0,0,1.83,-43.46410256,-42.99487179,0.010795823,0,0,0,0
Player 809,389,-102.17,51.02,5.102,0,0,5.1,-26.26478149,-24.95372751,0.049916805,0,0,0,0
Player 810,389,87.95,31.44,3.144,0,0,3.14,22.6092545,23.41645244,0.035702103,1,1,1,1
Player 811,388,-217.88,52.22,5.222,0,0,5.22,-56.15463918,-54.80927835,0.023958142,0,0,0,0
Player 812,388,-28.81,34.05,3.405,0,0,3.41,-7.425257732,-6.546391753,0.11836168,0,0,0,0
Player 813,387,-150.29,54.38,5.438,0,0,5.44,-38.83462532,-37.42894057,0.036196686,0,0,0,0
Player 814,386,60.32,70.89,7.089,0,0,7.09,15.62694301,17.46373057,0.117539788,1,1,1,1
Player 815,386,-277.25,30.94,3.094,0,0,3.09,-71.82642487,-71.02590674,0.011145176,0,0,0,0
Player 816,385,-163.3,37.17,3.717,0,0,3.72,-42.41558442,-41.44935065,0.022780159,0,0,0,0
Player 817,384,396.96,67.04,6.704,0,0,6.7,103.375,105.1197917,0.016878275,1,1,1,1
Player 818,384,-214.36,20.45,2.045,0,0,2.05,-55.82291667,-55.2890625,0.009563351,0,0,0,0
Player 819,383,65.53,69.23,6.923,0,0,6.92,17.10966057,18.91644909,0.105600488,1,1,1,1
Player 820,383,-667.84,51.25,5.125,0,0,5.13,-174.3707572,-173.0313316,0.007681481,0,0,0,0
Player 821,382,-87.93,24.23,2.423,0,0,2.42,-23.01832461,-22.38481675,0.027521892,0,0,0,0
Player 822,382,-55.41,28.29,2.829,0,0,2.83,-14.5052356,-13.76439791,0.051073813,0,0,0,0
Player 823,381,-98.91,42.51,4.251,0,0,4.25,-25.96062992,-24.84514436,0.042968355,0,0,0,0
Player 824,380,-78.8,16.6,1.66,0,0,1.66,-20.73684211,-20.3,0.02106599,0,0,0,0
Player 825,379,115.49,54.6,5.46,0,0,5.46,30.47229551,31.91292876,0.047276821,1,1,1,1
Player 826,378,-108.81,58.87,5.887,0,0,5.89,-28.78571429,-27.22751323,0.054131054,0,0,0,0
Player 827,378,-71.64,91.65,9.165,0,0,9.17,-18.95238095,-16.52645503,0.128001117,0,0,0,0
Player 828,377,-652.19,41.47,4.147,0,0,4.15,-172.994695,-171.8938992,0.006363176,0,0,0,0
Player 829,377,-97.59,31.96,3.196,0,0,3.2,-25.88594164,-25.03713528,0.032790245,0,0,0,0
Player 830,376,116.14,26.11,2.611,0,0,2.61,30.88829787,31.58244681,0.022472878,1,1,1,1
Player 831,375,-161.7,46.21,4.621,0,0,4.62,-43.12,-41.888,0.028571429,0,0,0,0
Player 832,374,-168.03,68.96,6.896,0,0,6.9,-44.92780749,-43.0828877,0.041064096,0,0,0,0
Player 833,374,-334.91,24.73,2.473,0,0,2.47,-89.54812834,-88.88770053,0.007375116,0,0,0,0
Player 834,373,-42,80.37,8.037,0,0,8.04,-11.26005362,-9.104557641,0.191428571,0,0,0,0
Player 835,372,-64.16,53.44,5.344,0,0,5.34,-17.24731183,-15.81182796,0.083229426,0,0,0,0
Player 836,372,-180.4,30.5,3.05,0,0,3.05,-48.49462366,-47.67473118,0.016906874,0,0,0,0
Player 837,371,-389.54,34.42,3.442,0,0,3.44,-104.9973046,-104.0700809,0.008830929,0,0,0,0
Player 838,371,-193.42,30.08,3.008,0,0,3.01,-52.13477089,-51.32345013,0.015561989,0,0,0,0
Player 839,370,-428.99,37.6,3.76,0,0,3.76,-115.9432432,-114.927027,0.008764773,0,0,0,0
Player 840,370,16.14,29.22,2.922,0,0,2.92,4.362162162,5.151351351,0.180916976,1,1,1,1
Player 841,369,141.27,69.5,6.95,0,0,6.95,38.28455285,40.16802168,0.049196574,1,1,1,1
Player 842,369,176.74,42.44,4.244,0,0,4.24,47.89701897,49.04607046,0.023990042,1,1,1,1
Player 843,368,-164.64,23.82,2.382,0,0,2.38,-44.73913043,-44.0923913,0.014455782,0,0,0,0
Player 844,368,-215.21,39.13,3.913,0,0,3.91,-58.48097826,-57.41847826,0.018168301,0,0,0,0
Player 845,368,17.79,29.58,2.958,0,0,2.96,4.83423913,5.638586957,0.16638561,1,1,1,1
Player 846,367,-222.76,26.38,2.638,0,0,2.64,-60.69754768,-59.97820163,0.01185132,0,0,0,0
Player 847,366,-41.82,24.16,2.416,0,0,2.42,-11.42622951,-10.76502732,0.057867049,0,0,0,0
Player 848,366,-225.98,56.93,5.693,0,0,5.69,-61.7431694,-60.18852459,0.025179219,0,0,0,0
Player 849,366,-338.87,31.87,3.187,0,0,3.19,-92.58743169,-91.71584699,0.009413639,0,0,0,0
Player 850,365,-4.67,46.9,4.69,0,0,4.69,-1.279452055,0.005479452,1.004282655,0,0,1,1
Player 851,365,-388.99,58.84,5.884,0,0,5.88,-106.5726027,-104.9616438,0.01511607,0,0,0,0
Player 852,364,208.51,45.52,4.552,0,0,4.55,57.28296703,58.53296703,0.021821495,1,1,1,1
Player 853,364,172.09,35.39,3.539,0,0,3.54,47.27747253,48.25,0.020570632,1,1,1,1
Player 854,363,-426.85,43.16,4.316,0,0,4.32,-117.5895317,-116.399449,0.010120651,0,0,0,0
Player 855,363,-66.97,55.49,5.549,0,0,5.55,-18.44903581,-16.92011019,0.082872928,0,0,0,0
Player 856,362,278.44,47.36,4.736,0,0,4.74,76.91712707,78.22651934,0.017023416,1,1,1,1
Player 857,361,-258.69,19.67,1.967,0,0,1.97,-71.65927978,-71.11357341,0.007615292,0,0,0,0
Player 858,360,-127.16,31.07,3.107,0,0,3.11,-35.32222222,-34.45833333,0.024457377,0,0,0,0
Player 859,360,-439.49,63.62,6.362,0,0,6.36,-122.0805556,-120.3138889,0.014471319,0,0,0,0
Player 860,359,-297.21,15.43,1.543,0,0,1.54,-82.78830084,-82.35933148,0.005181521,0,0,0,0
Player 861,358,63.38,20.94,2.094,0,0,2.09,17.70391061,18.2877095,0.032975702,1,1,1,1
Player 862,357,-221.56,48.08,4.808,0,0,4.81,-62.06162465,-60.71428571,0.021709695,0,0,0,0
Player 863,357,-156.73,23.75,2.375,0,0,2.38,-43.90196078,-43.23529412,0.015185351,0,0,0,0
Player 864,357,235.54,49.51,4.951,0,0,4.95,65.97759104,67.36414566,0.021015539,1,1,1,1
Player 865,356,-350.37,46.76,4.676,0,0,4.68,-98.41853933,-97.10393258,0.013357308,0,0,0,0
Player 866,356,-11.25,19.47,1.947,0,0,1.95,-3.16011236,-2.612359551,0.173333333,0,0,0,0
Player 867,355,-30.61,22.85,2.285,0,0,2.29,-8.622535211,-7.977464789,0.074812153,0,0,0,0
Player 868,354,-94.82,18.48,1.848,0,0,1.85,-26.78531073,-26.26271186,0.019510652,0,0,0,0
Player 869,354,-71.67,44.34,4.434,0,0,4.43,-20.24576271,-18.99435028,0.061811079,0,0,0,0
Player 870,354,-165.7,67.53,6.753,0,0,6.75,-46.8079096,-44.90112994,0.04073627,0,0,0,0
Player 871,353,-244,36.05,3.605,0,0,3.61,-69.12181303,-68.09915014,0.014795082,0,0,0,0
Player 872,353,-398.32,40.17,4.017,0,0,4.02,-112.8385269,-111.6997167,0.010092388,0,0,0,0
Player 873,352,-77.81,31.68,3.168,0,0,3.17,-22.10511364,-21.20454545,0.040740265,0,0,0,0
Player 874,352,32.21,36.1,3.61,0,0,3.61,9.150568182,10.17613636,0.112076995,1,1,1,1
Player 875,351,-326.57,19.04,1.904,0,0,1.9,-93.03988604,-92.4985755,0.005818048,0,0,0,0
Player 876,350,-148.44,35.22,3.522,0,0,3.52,-42.41142857,-41.40571429,0.023713285,0,0,0,0
Player 877,350,4.85,36.53,3.653,0,0,3.65,1.385714286,2.428571429,0.75257732,1,1,1,1
Player 878,349,-231.8,35.85,3.585,0,0,3.59,-66.41833811,-65.38968481,0.015487489,0,0,0,0
Player 879,349,-84.49,18.96,1.896,0,0,1.9,-24.20916905,-23.66475645,0.022487868,0,0,0,0
Player 880,348,32.8,45.26,4.526,0,0,4.53,9.425287356,10.72701149,0.138109756,1,1,1,1
Player 881,348,31.78,40.8,4.08,0,0,4.08,9.132183908,10.3045977,0.128382631,1,1,1,1
Player 882,347,-163.48,29.12,2.912,0,0,2.91,-47.11239193,-46.27377522,0.017800343,0,0,0,0
Player 883,347,-166.56,27.98,2.798,0,0,2.8,-48,-47.19308357,0.016810759,0,0,0,0
Player 884,346,-144.65,31.84,3.184,0,0,3.18,-41.80635838,-40.88728324,0.0219841,0,0,0,0
Player 885,346,-267.5,52.75,5.275,0,0,5.28,-77.31213873,-75.78612717,0.019738318,0,0,0,0
Player 886,345,-414.08,21.23,2.123,0,0,2.12,-120.0231884,-119.4086957,0.005119784,0,0,0,0
Player 887,345,-247.5,54.3,5.43,0,0,5.43,-71.73913043,-70.16521739,0.021939394,0,0,0,0
Player 888,344,74.59,42.06,4.206,0,0,4.21,21.68313953,22.90697674,0.056441882,1,1,1,1
Player 889,344,-12.68,26.87,2.687,0,0,2.69,-3.686046512,-2.904069767,0.21214511,0,0,0,0
Player 890,343,-303.54,34.44,3.444,0,0,3.44,-88.49562682,-87.49271137,0.011332938,0,0,0,0
Player 891,342,-109.75,26.52,2.652,0,0,2.65,-32.09064327,-31.31578947,0.024145786,0,0,0,0
Player 892,342,-317.64,31.86,3.186,0,0,3.19,-92.87719298,-91.94444444,0.010042816,0,0,0,0
Player 893,342,-496.79,43.55,4.355,0,0,4.36,-145.2602339,-143.9853801,0.008776344,0,0,0,0
Player 894,341,95.6,35.65,3.565,0,0,3.57,28.03519062,29.08211144,0.037343096,1,1,1,1
Player 895,341,-76.83,21.69,2.169,0,0,2.17,-22.53079179,-21.89442815,0.028244175,0,0,0,0
Player 896,340,-28.39,68.9,6.89,0,0,6.89,-8.35,-6.323529412,0.242691088,0,0,0,0
Player 897,340,-291.95,55.9,5.59,0,0,5.59,-85.86764706,-84.22352941,0.019147114,0,0,0,0
Player 898,339,-138.27,24.47,2.447,0,0,2.45,-40.78761062,-40.06489676,0.017718956,0,0,0,0
Player 899,339,-133.9,21.86,2.186,0,0,2.19,-39.49852507,-38.85250737,0.016355489,0,0,0,0
Player 900,338,-93.11,27.26,2.726,0,0,2.73,-27.54733728,-26.73964497,0.029320159,0,0,0,0
Player 901,338,-381.86,22.85,2.285,0,0,2.29,-112.9763314,-112.2988166,0.005996962,0,0,0,0
Player 902,337,-210.14,61.84,6.184,0,0,6.18,-62.35608309,-60.52225519,0.029408965,0,0,0,0
Player 903,337,-214.46,30.47,3.047,0,0,3.05,-63.6379822,-62.73293769,0.014221766,0,0,0,0
Player 904,336,105.66,33.43,3.343,0,0,3.34,31.44642857,32.44047619,0.031610827,1,1,1,1
Player 905,336,-50.59,13.73,1.373,0,0,1.37,-15.05654762,-14.64880952,0.027080451,0,0,0,0
Player 906,335,-83.02,28.17,2.817,0,0,2.82,-24.78208955,-23.94029851,0.033967719,0,0,0,0
Player 907,335,-98.9,33.85,3.385,0,0,3.39,-29.52238806,-28.51044776,0.034277048,0,0,0,0
Player 908,334,-152.51,33.61,3.361,0,0,3.36,-45.66167665,-44.65568862,0.022031342,0,0,0,0
Player 909,334,-87.96,35.24,3.524,0,0,3.52,-26.33532934,-25.28143713,0.04001819,0,0,0,0
Player 910,333,-178.25,36.2,3.62,0,0,3.62,-53.52852853,-52.44144144,0.020308555,0,0,0,0
Player 911,332,46.13,33.79,3.379,0,0,3.38,13.89457831,14.9126506,0.07327119,1,1,1,1
Player 912,332,-214.15,19.84,1.984,0,0,1.98,-64.50301205,-63.90662651,0.009245856,0,0,0,0
Player 913,331,-239.91,23.77,2.377,0,0,2.38,-72.48036254,-71.76132931,0.009920387,0,0,0,0
Player 914,331,-223.23,119.04,11.904,0,0,11.9,-67.44108761,-63.84592145,0.053308247,0,0,0,0
Player 915,331,-89.72,24.46,2.446,0,0,2.45,-27.10574018,-26.36555891,0.027307178,0,0,0,0
Player 916,330,-43.16,15.24,1.524,0,0,1.52,-13.07878788,-12.61818182,0.035217794,0,0,0,0
Player 917,330,195.11,52.1,5.21,0,0,5.21,59.12424242,60.7030303,0.026702886,1,1,1,1
Player 918,329,150.07,30.16,3.016,0,0,3.02,45.61398176,46.53191489,0.020123942,1,1,1,1
Player 919,329,-338.7,42.93,4.293,0,0,4.29,-102.9483283,-101.6443769,0.012666076,0,0,0,0
Player 920,328,-78.4,44.81,4.481,0,0,4.48,-23.90243902,-22.53658537,0.057142857,0,0,0,0
Player 921,328,131.42,36.63,3.663,0,0,3.66,40.06707317,41.18292683,0.027849642,1,1,1,1
Player 922,327,-97.51,33.7,3.37,0,0,3.37,-29.81957187,-28.78899083,0.034560558,0,0,0,0
Player 923,327,7.58,90.48,9.048,0,0,9.05,2.318042813,5.085626911,1.193931398,1,1,1,1
Player 924,326,-32.51,50.37,5.037,0,0,5.04,-9.972392638,-8.426380368,0.155029222,0,0,0,0
Player 925,326,40.73,36.6,3.66,0,0,3.66,12.49386503,13.61656442,0.089860054,1,1,1,1
Player 926,325,65.06,22,2.2,0,0,2.2,20.01846154,20.69538462,0.03381494,1,1,1,1
Player 927,325,-158,73.92,7.392,0,0,7.39,-48.61538462,-46.34153846,0.046772152,0,0,0,0
Player 928,325,-24.91,31.5,3.15,0,0,3.15,-7.664615385,-6.695384615,0.126455239,0,0,0,0
Player 929,324,-272.08,18.97,1.897,0,0,1.9,-83.97530864,-83.38888889,0.00698324,0,0,0,0
Player 930,324,241.35,44.62,4.462,0,0,4.46,74.49074074,75.86728395,0.018479387,1,1,1,1
Player 931,323,-152.87,20.99,2.099,0,0,2.1,-47.32817337,-46.67801858,0.013737162,0,0,0,0
Player 932,323,-241.97,26.59,2.659,0,0,2.66,-74.91331269,-74.08978328,0.010993098,0,0,0,0
Player 933,322,-45.81,20.6,2.06,0,0,2.06,-14.22670807,-13.58695652,0.044968348,0,0,0,0
Player 934,322,-224.84,9.45,0.945,0,0,0.95,-69.82608696,-69.5310559,0.004225227,0,0,0,0
Player 935,322,-362.95,24.97,2.497,0,0,2.5,-112.7173913,-111.9409938,0.006888001,0,0,0,0
Player 936,321,-412.23,43.06,4.306,0,0,4.31,-128.4205607,-127.0778816,0.010455328,0,0,0,0
Player 937,321,-2,17.39,1.739,0,0,1.74,-0.62305296,-0.080996885,0.87,0,0,0,0
Player 938,320,-77.97,7.83,0.783,0,0,0.78,-24.365625,-24.121875,0.010003848,0,0,0,0
Player 939,320,-127.67,23.07,2.307,0,0,2.31,-39.896875,-39.175,0.018093522,0,0,0,0
Player 940,319,-358.21,39.94,3.994,0,0,3.99,-112.2915361,-111.0407524,0.011138718,0,0,0,0
Player 941,319,-409.61,39.36,3.936,0,0,3.94,-128.4043887,-127.169279,0.009618906,0,0,0,0
Player 942,318,-114.79,32.87,3.287,0,0,3.29,-36.09748428,-35.06289308,0.028661033,0,0,0,0
Player 943,318,-65.56,41.88,4.188,0,0,4.19,-20.6163522,-19.29874214,0.063910921,0,0,0,0
Player 944,317,-174.12,26.63,2.663,0,0,2.66,-54.92744479,-54.08832808,0.015276821,0,0,0,0
Player 945,317,16.31,16.69,1.669,0,0,1.67,5.14511041,5.67192429,0.102391171,1,1,1,1
Player 946,316,-54.14,38.5,3.85,0,0,3.85,-17.13291139,-15.91455696,0.071111932,0,0,0,0
Player 947,316,-323.59,29.08,2.908,0,0,2.91,-102.4018987,-101.4810127,0.008992861,0,0,0,0
Player 948,316,-249.42,42.4,4.24,0,0,4.24,-78.93037975,-77.58860759,0.016999439,0,0,0,0
Player 949,316,-36.87,43.53,4.353,0,0,4.35,-11.66772152,-10.29113924,0.117982099,0,0,0,0
Player 950,315,-145.06,52.47,5.247,0,0,5.25,-46.05079365,-44.38412698,0.036191921,0,0,0,0
Player 951,315,-158.14,28.04,2.804,0,0,2.8,-50.2031746,-49.31428571,0.01770583,0,0,0,0
Player 952,314,-449.2,57.1,5.71,0,0,5.71,-143.0573248,-141.2388535,0.012711487,0,0,0,0
Player 953,314,-121.59,24.25,2.425,0,0,2.43,-38.72292994,-37.94904459,0.019985196,0,0,0,0
Player 954,314,-466.61,75.34,7.534,0,0,7.53,-148.6019108,-146.2038217,0.016137674,0,0,0,0
Player 955,313,-143.35,44.96,4.496,0,0,4.5,-45.79872204,-44.36102236,0.031391699,0,0,0,0
Player 956,313,5.04,26.77,2.677,0,0,2.68,1.610223642,2.466453674,0.531746032,1,1,1,1
Player 957,312,-346.04,40.95,4.095,0,0,4.1,-110.9102564,-109.5961538,0.011848341,0,0,0,0
Player 958,312,-208.79,25.7,2.57,0,0,2.57,-66.91987179,-66.09615385,0.012309019,0,0,0,0
Player 959,311,327.42,57.32,5.732,0,0,5.73,105.2797428,107.1221865,0.017500458,1,1,1,1
Player 960,311,161.99,36.41,3.641,0,0,3.64,52.08681672,53.25723473,0.022470523,1,1,1,1
Player 961,311,-400.21,49.68,4.968,0,0,4.97,-128.6848875,-127.0868167,0.01241848,0,0,0,0
Player 962,310,191.84,29.45,2.945,0,0,2.95,61.88387097,62.83548387,0.015377398,1,1,1,1
Player 963,310,94.83,35.34,3.534,0,0,3.53,30.59032258,31.72903226,0.037224507,1,1,1,1
Player 964,309,257.72,39.1,3.91,0,0,3.91,83.40453074,84.66990291,0.015171504,1,1,1,1
Player 965,309,53.85,23.87,2.387,0,0,2.39,17.42718447,18.20064725,0.044382544,1,1,1,1
Player 966,309,-474.48,121.59,12.159,0,0,12.16,-153.5533981,-149.618123,0.025628056,0,0,0,0
Player 967,308,-333.11,20.7,2.07,0,0,2.07,-108.1525974,-107.4805195,0.006214163,0,0,0,0
Player 968,308,203.41,47.86,4.786,0,0,4.79,66.04220779,67.5974026,0.023548498,1,1,1,1
Player 969,307,-254.96,26.38,2.638,0,0,2.64,-83.04885993,-82.18892508,0.010354565,0,0,0,0
Player 970,307,-79.88,21.62,2.162,0,0,2.16,-26.01954397,-25.31596091,0.027040561,0,0,0,0
Player 971,306,61.37,50.16,5.016,0,0,5.02,20.05555556,21.69607843,0.081798925,1,1,1,1
Player 972,306,-26.42,24.63,2.463,0,0,2.46,-8.633986928,-7.830065359,0.093111279,0,0,0,0
Player 973,305,-0.54,56.25,5.625,0,0,5.63,-0.17704918,1.668852459,10.42592593,0,0,1,1
Player 974,305,-11.77,74.86,7.486,0,0,7.49,-3.859016393,-1.403278689,0.636363636,0,0,0,0
Player 975,305,-134.33,25.99,2.599,0,0,2.6,-44.04262295,-43.19016393,0.019355319,0,0,0,0
Player 976,304,144.78,59.12,5.912,0,0,5.91,47.625,49.56907895,0.040820555,1,1,1,1
Player 977,304,-67.05,26.6,2.66,0,0,2.66,-22.05592105,-21.18092105,0.039671887,0,0,0,0
Player 978,303,-55.23,42.4,4.24,0,0,4.24,-18.22772277,-16.82838284,0.076769871,0,0,0,0
Player 979,303,-331.75,35.07,3.507,0,0,3.51,-109.4884488,-108.330033,0.010580256,0,0,0,0
Player 980,302,-63.4,21.4,2.14,0,0,2.14,-20.99337748,-20.28476821,0.033753943,0,0,0,0
Player 981,302,-190.18,32.57,3.257,0,0,3.26,-62.97350993,-61.89403974,0.017141655,0,0,0,0
Player 982,302,123.61,31.22,3.122,0,0,3.12,40.93046358,41.96357616,0.025240676,1,1,1,1
Player 983,301,-120.01,36.56,3.656,0,0,3.66,-39.87043189,-38.65448505,0.030497459,0,0,0,0
Player 984,301,-120.99,38.4,3.84,0,0,3.84,-40.19601329,-38.92026578,0.03173816,0,0,0,0
Player 985,301,247.54,31.35,3.135,0,0,3.14,82.23920266,83.28239203,0.012684819,1,1,1,1
Player 986,300,-231.26,18.73,1.873,0,0,1.87,-77.08666667,-76.46333333,0.008086137,0,0,0,0
Player 987,300,-229.02,30.6,3.06,0,0,3.06,-76.34,-75.32,0.013361278,0,0,0,0
Player 988,299,-132.23,21.74,2.174,0,0,2.17,-44.22408027,-43.49832776,0.016410799,0,0,0,0
Player 989,299,-65.71,25.09,2.509,0,0,2.51,-21.97658863,-21.13712375,0.038198143,0,0,0,0
Player 990,298,-203.32,37.78,3.778,0,0,3.78,-68.22818792,-66.95973154,0.018591383,0,0,0,0
Player 991,298,87.83,39.56,3.956,0,0,3.96,29.47315436,30.80201342,0.0450871,1,1,1,1
Player 992,298,-66.03,33.04,3.304,0,0,3.3,-22.15771812,-21.05033557,0.049977283,0,0,0,0
Player 993,297,-27.6,16.16,1.616,0,0,1.62,-9.292929293,-8.747474747,0.058695652,0,0,0,0
Player 994,297,-92.02,36.24,3.624,0,0,3.62,-30.98316498,-29.76430976,0.039339274,0,0,0,0
Player 995,297,-404.41,37.19,3.719,0,0,3.72,-136.1649832,-134.9124579,0.009198586,0,0,0,0
Player 996,296,-197.43,13.06,1.306,0,0,1.31,-66.69932432,-66.25675676,0.006635263,0,0,0,0
Player 997,296,202.89,33.5,3.35,0,0,3.35,68.54391892,69.67567568,0.01651141,1,1,1,1
Player 998,296,209.29,68.2,6.82,0,0,6.82,70.70608108,73.01013514,0.032586363,1,1,1,1
Player 999,295,-105.99,30.53,3.053,0,0,3.05,-35.92881356,-34.89491525,0.0287763,0,0,0,0
Player 1000,295,-154.06,22.48,2.248,0,0,2.25,-52.22372881,-51.46101695,0.014604699,0,0,0,0
