,Hands,Result,Rake Paid
Player 1,298644,2285.47,17668.05
Player 2,232879,4353.83,14217.46
Player 3,207342,1398.22,15216.04
Player 4,183272,5522.98,10412.41
Player 5,164829,5251.84,10028.26
Player 6,151340,-4219.88,9521.62
Player 7,135260,-1266.09,8013.54
Player 8,121810,619.81,6077.25
Player 9,116073,7424.76,7549.29
Player 10,105798,-3341.22,9304.83
Player 11,100012,-5441.75,7927.77
Player 12,96065,2772.77,5535.16
Player 13,90754,4721.63,6419.24
Player 14,86538,1525.43,7394.05
Player 15,79122,-517.63,4876.82
Player 16,76695,1696.39,5264.79
Player 17,73433,3146.97,5034.48
Player 18,71864,2326.6,3929.21
Player 19,68261,3910.44,5196.63
Player 20,65556,-2377.63,4275.9
Player 21,63089,1178.42,3157.23
Player 22,60852,-3250.43,3364.31
Player 23,58842,-1210.19,2852.15
Player 24,56292,2842.61,3677.06
Player 25,52616,-1696.51,2234.27
Player 26,50466,-134.98,2494.44
Player 27,48721,283.13,3213.46
Player 28,45514,142.67,2417.76
Player 29,43122,368.82,2463.98
Player 30,41035,-116.92,2429.87
Player 31,39810,24.72,2168.08
Player 32,38196,858.19,1890.62
Player 33,37368,1022.41,2481.5
Player 34,35985,1880.7,2283.69
Player 35,34604,1700.68,2627.84
Player 36,32973,-1486.21,2146.77
Player 37,31417,984.99,1733.03
Player 38,30501,-206.97,2077.17
Player 39,29784,3791.29,2322.39
Player 40,28696,1211.83,1609.98
Player 41,27449,-5070.64,2008.57
Player 42,26615,4943.92,2155.35
Player 43,25598,-1855.35,2586.4
Player 44,24577,890.9,1461.64
Player 45,23812,-786.11,1133.33
Player 46,23142,-749.83,1237.83
Player 47,22806,175.65,1649.88
Player 48,22143,1235.52,1711.31
Player 49,21356,-1611.19,1091.47
Player 50,20442,-2917.42,1908.61
Player 51,19638,-1848.01,1154.89
Player 52,18920,-1704.9,1391.09
Player 53,18322,-636.06,1451.18
Player 54,17657,719.04,1541.71
Player 55,17418,-984.81,1020.62
Player 56,16833,-315.37,1112.64
Player 57,16451,-862.1,899.23
Player 58,15894,-995.13,546.46
Player 59,15269,797.23,998.45
Player 60,14919,-546.77,669.03
Player 61,14550,-112.81,1008.57
Player 62,13917,340.85,960.67
Player 63,13515,-1470.95,789.73
Player 64,13161,693.25,796.69
Player 65,12889,-1491.6,1112.34
Player 66,12438,869.53,1036.72
Player 67,12212,-3283.08,608.17
Player 68,11830,-2776.65,1343.94
Player 69,11621,296.14,873.35
Player 70,11417,752.51,1126.37
Player 71,11205,897.89,759.6
Player 72,10753,-514.9,567.51
Player 73,10505,495.22,696.56
Player 74,10304,320.93,596.41
Player 75,10020,-2169.67,755.52
Player 76,9771,-1081.77,981.96
Player 77,9556,-143.45,636.27
Player 78,9394,-1004.48,652.16
Player 79,9277,-1012.38,727.22
Player 80,9047,-272.85,641.7
Player 81,8910,-1371.81,497.26
Player 82,8788,280.37,567.32
Player 83,8518,-51.76,427.6
Player 84,8316,-1986.4,841.98
Player 85,8165,-1054.49,467.74
Player 86,7971,693.89,608.09
Player 87,7766,-268.88,409.62
Player 88,7647,-142.77,344.89
Player 89,7610,-544.22,391.88
Player 90,7486,-5888.73,1062.12
Player 91,7314,-75.65,385.71
Player 92,7137,-1026.69,488.87
Player 93,7013,1399.97,480.47
Player 94,6926,-1056.97,390.78
Player 95,6852,-2212.44,645.72
Player 96,6748,-1435.42,333.83
Player 97,6671,77.52,402.44
Player 98,6513,-1018.69,439.34
Player 99,6421,-1386.69,563
Player 100,6293,-690.07,304.91
Player 101,6188,-433.8,432.16
Player 102,6070,-928.92,297.52
Player 103,5963,-1020.29,436.99
Player 104,5812,-564.18,399.76
Player 105,5717,-134.7,388.92
Player 106,5654,-564.04,286.73
Player 107,5597,77.15,250.98
Player 108,5545,18.34,353.45
Player 109,5478,-1528.42,268.33
Player 110,5325,569.12,391.63
Player 111,5271,-294.52,340.46
Player 112,5220,1026.03,431.47
Player 113,5169,-1668.26,403.57
Player 114,5113,-952.44,481.87
Player 115,5030,-224.97,336.63
Player 116,4977,1050.05,287.47
Player 117,4932,-751.51,391.31
Player 118,4859,-20.15,326.9
Player 119,4755,-750.33,416.79
Player 120,4674,-618.4,363.27
Player 121,4595,-63.24,574.41
Player 122,4533,-1819.46,430.1
Player 123,4493,-1685.07,322.14
Player 124,4464,-557.33,297.5
Player 125,4419,-1404.35,560.09
Player 126,4322,-55.36,976.97
Player 127,4269,-847.53,340.76
Player 128,4220,-786.88,514.27
Player 129,4172,-202.96,306.54
Player 130,4153,366.28,419.05
Player 131,4099,562.69,272.86
Player 132,4073,-121.21,213.18
Player 133,4034,160.16,250.48
Player 134,4001,-318.03,298.52
Player 135,3980,-53.11,294.2
Player 136,3955,149.45,245.29
Player 137,3919,366.21,215.05
Player 138,3876,-654.8,337.04
Player 139,3831,-211.48,193.37
Player 140,3783,909.69,299.18
Player 141,3744,-763.86,354.8
Player 142,3707,-1469.23,355.22
Player 143,3673,225.87,234.62
Player 144,3627,28.64,133.8
Player 145,3590,-30.95,422.07
Player 146,3570,-388.26,208.71
Player 147,3508,-869.19,83.68
Player 148,3479,954.07,277.79
Player 149,3441,18.48,228.3
Player 150,3412,-987.65,473.89
Player 151,3390,-1069.26,235.97
Player 152,3358,-664.29,189.41
Player 153,3329,-1775.06,409.89
Player 154,3287,-429.33,226.45
Player 155,3260,-309.59,220.13
Player 156,3246,-551.28,151.11
Player 157,3228,-1056.46,230.9
Player 158,3201,113.81,331.89
Player 159,3171,-839.96,170.79
Player 160,3147,-273.37,187.85
Player 161,3120,-337.69,186.23
Player 162,3071,-187.89,189.75
Player 163,3060,-553.9,306.45
Player 164,3038,576.17,306.56
Player 165,3016,-2992.11,419.48
Player 166,2980,-663.38,307.62
Player 167,2964,-454.72,167.6
Player 168,2941,-453.31,164.5
Player 169,2904,64.85,224.36
Player 170,2881,-253.43,216.69
Player 171,2859,-489.82,160.12
Player 172,2840,-705.51,395.12
Player 173,2819,756.7,205.73
Player 174,2801,-1764.56,363.04
Player 175,2772,-16.41,184.16
Player 176,2753,-559.06,183.65
Player 177,2743,-1250.34,181.11
Player 178,2731,-1241.78,299.47
Player 179,2698,308.73,279.15
Player 180,2672,485.89,285.76
Player 181,2663,-826.16,99.35
Player 182,2629,-431.61,197.62
Player 183,2614,-878.23,291.67
Player 184,2605,420.84,191.67
Player 185,2578,-46.34,155.21
Player 186,2558,282.62,154.22
Player 187,2532,-868.93,257.5
Player 188,2522,-749.08,297.02
Player 189,2508,-97.31,137.6
Player 190,2487,-353.22,169.2
Player 191,2473,-555.45,173.32
Player 192,2460,-77.65,163.13
Player 193,2436,353.47,274.42
Player 194,2420,-101.74,115.9
Player 195,2404,-546.12,149.94
Player 196,2388,-100.9,380.51
Player 197,2366,-1753.78,305.48
Player 198,2356,-676.59,161.1
Player 199,2327,-255.97,189.59
Player 200,2309,1874.48,349.73
Player 201,2285,-98.49,174.74
Player 202,2266,-1252.92,342.71
Player 203,2255,-402.83,175.78
Player 204,2241,-606.81,123.9
Player 205,2227,-48.87,189
Player 206,2216,-806.36,384.4
Player 207,2206,-488.56,113.57
Player 208,2189,-464.63,263.11
Player 209,2176,-898.75,280.22
Player 210,2155,-1036.72,117.59
Player 211,2142,-376.94,86.69
Player 212,2122,-1330.88,307.8
Player 213,2107,239.69,114.87
Player 214,2098,-530.38,175.95
Player 215,2089,-532.69,224.73
Player 216,2074,-269.44,246.93
Player 217,2063,7.84,214.79
Player 218,2051,-882.71,220.57
Player 219,2039,-729.87,93.67
Player 220,2031,-678.47,75.85
Player 221,2012,-1011.9,159.29
Player 222,1996,41.52,222.14
Player 223,1983,-553.76,168.06
Player 224,1969,-1363.84,294.02
Player 225,1958,154.28,128.93
Player 226,1943,-81.32,99.82
Player 227,1936,-484.55,192.79
Player 228,1924,-1125.68,312.14
Player 229,1911,-92.97,145.29
Player 230,1898,-506.5,161.52
Player 231,1885,-799.85,203.61
Player 232,1878,-313.72,89.3
Player 233,1864,-551.61,152.99
Player 234,1854,209.97,120.42
Player 235,1842,-332.18,136.34
Player 236,1830,-1416.45,356.55
Player 237,1820,-246.82,131.68
Player 238,1814,-352.12,118.35
Player 239,1806,-693.76,114.79
Player 240,1798,348.37,119.32
Player 241,1787,78.29,144.53
Player 242,1772,-954.95,111.63
Player 243,1762,-447.13,179.23
Player 244,1755,-261.53,107.54
Player 245,1742,-280.35,212.9
Player 246,1736,29.26,218.55
Player 247,1728,75.45,227.06
Player 248,1716,-336.33,174.3
Player 249,1709,-99.09,83.56
Player 250,1697,-117.33,141.56
Player 251,1684,-735.6,143.83
Player 252,1677,-665.01,185.36
Player 253,1671,-244.43,140.04
Player 254,1667,-281.9,63.85
Player 255,1659,-1140.79,125.56
Player 256,1653,293.87,136.28
Player 257,1643,-5.04,92.11
Player 258,1626,-433.23,223.39
Player 259,1614,-722.28,162.27
Player 260,1609,-1156.17,300.14
Player 261,1602,-436.96,148.32
Player 262,1596,-209.88,82.78
Player 263,1587,-221.63,139.05
Player 264,1576,187.5,263.86
Player 265,1568,-289.64,75.21
Player 266,1562,-648.38,152.7
Player 267,1556,275.98,161.52
Player 268,1552,-198.67,109.33
Player 269,1545,574.64,139.02
Player 270,1531,-72.38,122.9
Player 271,1525,-244.04,184.29
Player 272,1517,-483.37,231.53
Player 273,1507,-869.93,182.22
Player 274,1499,87.79,108.59
Player 275,1492,-222.3,107.75
Player 276,1486,-170.34,149.3
Player 277,1481,-213.53,108.68
Player 278,1472,-404.75,100.31
Player 279,1466,-1116.05,120.61
Player 280,1462,-570.14,180.28
Player 281,1455,-457.46,113.83
Player 282,1448,-362.34,100.61
Player 283,1442,-62.12,140.66
Player 284,1438,-234.06,83.58
Player 285,1431,-50.1,66.49
Player 286,1423,-302.79,104.46
Player 287,1417,60.71,115.84
Player 288,1413,459.72,176.78
Player 289,1405,-580.3,266.08
Player 290,1402,-45.57,198.2
Player 291,1396,-716.88,223.73
Player 292,1391,-495.95,112.32
Player 293,1382,-568.06,128.13
Player 294,1376,-995,136.31
Player 295,1370,160.24,118.11
Player 296,1365,185.89,178.04
Player 297,1359,-671.47,74.77
Player 298,1354,-320.06,68.15
Player 299,1348,-366.73,75.37
Player 300,1343,-513.11,89.03
Player 301,1338,-216.24,194.23
Player 302,1331,-1743.17,215.21
Player 303,1326,85.06,112.88
Player 304,1321,-27.46,110.53
Player 305,1314,88.84,218.97
Player 306,1307,-505.34,195.37
Player 307,1300,-141.14,56.96
Player 308,1294,287.42,77.94
Player 309,1290,-949.11,242.56
Player 310,1284,-35.2,94.43
Player 311,1280,-91.36,182.87
Player 312,1275,176.8,154.26
Player 313,1269,-297.14,74.87
Player 314,1262,-68.07,111.86
Player 315,1259,-66.27,78.86
Player 316,1253,-405.98,190.21
Player 317,1248,96.69,120.44
Player 318,1244,-515.56,63.68
Player 319,1241,-149.98,122.88
Player 320,1234,31.24,122.31
Player 321,1228,-439.32,90.85
Player 322,1223,-87.28,148.97
Player 323,1218,688.45,144.98
Player 324,1213,-608.49,190.75
Player 325,1209,-375.75,109.16
Player 326,1206,266.43,124.48
Player 327,1203,-451.27,196.03
Player 328,1200,-33.59,99.73
Player 329,1192,158.33,160.94
Player 330,1185,384.29,129.78
Player 331,1182,-1274.69,181.99
Player 332,1177,-395.86,111.01
Player 333,1173,-596.03,115.8
Player 334,1171,-398.37,121.04
Player 335,1167,-136.67,120.04
Player 336,1164,-219.08,149.74
Player 337,1159,-827.65,58.7
Player 338,1155,-116.96,101.31
Player 339,1151,-382.41,100.1
Player 340,1147,-349.72,140.92
Player 341,1143,-320.44,85.54
Player 342,1138,11.07,229.61
Player 343,1134,-312.72,90.45
Player 344,1131,-261.97,60.27
Player 345,1126,-478.87,90.94
Player 346,1123,-311.34,138.34
Player 347,1119,-994.26,146.16
Player 348,1116,-442.35,84.27
Player 349,1113,-324.71,139.89
Player 350,1109,-611.92,108.19
Player 351,1105,63.15,83.28
Player 352,1101,-210.71,117.77
Player 353,1097,-621.6,125.84
Player 354,1094,219.02,58.71
Player 355,1091,-11.09,189.49
Player 356,1086,-267.26,85.98
Player 357,1083,178.74,140.33
Player 358,1078,355.4,119.64
Player 359,1076,-555.56,78.34
Player 360,1072,-593.67,90.44
Player 361,1069,-474.77,152.86
Player 362,1065,151.65,64.55
Player 363,1062,189.74,64.08
Player 364,1055,-29,159.84
Player 365,1054,218.66,73.39
Player 366,1049,-262.16,98.44
Player 367,1047,-788.56,249.92
Player 368,1044,-860.62,158.94
Player 369,1041,186.48,124.89
Player 370,1037,-214.49,178.18
Player 371,1034,409,83.58
Player 372,1029,-67.45,78.49
Player 373,1026,284.5,66.96
Player 374,1021,-1659.52,179
Player 375,1019,85.76,91.56
Player 376,1015,446.83,111.56
Player 377,1013,145.67,79.8
Player 378,1010,166.89,111.16
Player 379,1008,-348.55,47.94
Player 380,1004,-504.69,158.75
Player 381,1001,-436.96,65.63
Player 382,997,-8.68,108.32
Player 383,995,122.68,79.94
Player 384,991,-6.78,118.84
Player 385,988,-168.65,32.49
Player 386,985,112.68,91.32
Player 387,982,-163.3,187.49
Player 388,979,-450.48,75.76
Player 389,974,33.05,92.84
Player 390,970,-472.48,104.93
Player 391,968,-753.48,136.49
Player 392,963,216.52,43.08
Player 393,959,-601.94,167.96
Player 394,957,-151.29,74.28
Player 395,952,-878.28,185.64
Player 396,949,-1228.65,180.25
Player 397,945,-34.83,97.02
Player 398,942,-310.24,88.15
Player 399,941,-1257.02,165.87
Player 400,938,-240.84,113.29
Player 401,936,-122.69,111.62
Player 402,930,-577.21,78.94
Player 403,928,-261.99,92.59
Player 404,925,-191.45,50.98
Player 405,924,-27.36,148.26
Player 406,922,-227.61,149.77
Player 407,918,-414.45,70.49
Player 408,915,270.05,66.65
Player 409,913,-729.05,137.07
Player 410,911,-122.65,86.88
Player 411,910,-293.12,47.66
Player 412,907,-72.14,89.75
Player 413,903,-908.39,219.47
Player 414,901,-348.8,71.82
Player 415,899,-463.77,92.12
Player 416,895,143.55,110.56
Player 417,892,-245.47,59.37
Player 418,890,-153.4,138.66
Player 419,888,-532.01,58.79
Player 420,885,-216.23,60.34
Player 421,880,-160.36,59.2
Player 422,879,-75.99,84.32
Player 423,877,170.51,33.13
Player 424,875,-544.95,138.49
Player 425,873,-109.22,44.01
Player 426,871,-63.77,47.52
Player 427,868,423.54,130.7
Player 428,867,-162.16,53.4
Player 429,864,-222.58,91.95
Player 430,863,-342.01,63.88
Player 431,860,-64.33,103.8
Player 432,858,-54.1,84.41
Player 433,855,-524.54,73.62
Player 434,852,-143.46,109.41
Player 435,850,54.78,62.48
Player 436,848,-166.02,174.14
Player 437,845,25.15,115.18
Player 438,843,-797.58,162.98
Player 439,842,-475.19,124.49
Player 440,838,-551.19,76.4
Player 441,836,-406.26,121.02
Player 442,834,-102.74,97.57
Player 443,832,-1458.7,198.01
Player 444,829,-487.43,157.73
Player 445,827,-15.09,80.52
Player 446,823,220.51,61.92
Player 447,822,-450.55,78.68
Player 448,820,-39.12,87.45
Player 449,817,-144.58,85.18
Player 450,814,-157.29,40.73
Player 451,812,-194.36,108.61
Player 452,809,4.46,90.58
Player 453,806,-381.13,99.96
Player 454,803,-409.32,91.6
Player 455,801,-10.63,48.21
Player 456,799,-127.49,38.47
Player 457,797,-514.32,39.48
Player 458,795,-135.19,77.21
Player 459,794,-74.88,77.54
Player 460,792,-171.78,112.47
Player 461,790,-108.88,71.33
Player 462,787,47.19,49.95
Player 463,784,-747.99,123.86
Player 464,781,-256.81,29.82
Player 465,779,-337.11,60.36
Player 466,777,-620.24,114.33
Player 467,774,-73.74,72.19
Player 468,773,-626.08,66.94
Player 469,771,-462.18,70.34
Player 470,769,-337.45,127.44
Player 471,767,-114.64,71.01
Player 472,765,3.37,117.06
Player 473,764,-370.29,78.11
Player 474,762,-805.68,115.11
Player 475,761,16.4,54.05
Player 476,759,-1157.92,83.92
Player 477,756,-397.34,87.7
Player 478,754,-16.72,85.57
Player 479,753,-136.85,66.5
Player 480,750,-181.57,29.28
Player 481,748,-161.63,48.8
Player 482,746,-309.02,38.76
Player 483,744,-252.64,29.98
Player 484,742,87.93,30.94
Player 485,740,5.54,90.81
Player 486,738,-322.62,58.32
Player 487,736,43.46,59.65
Player 488,734,-54.74,36.95
Player 489,733,-365.85,58.43
Player 490,731,128.21,60.17
Player 491,729,-474,85.54
Player 492,728,-203.02,39.52
Player 493,725,-30.8,92.45
Player 494,724,-555.11,54.67
Player 495,722,-113.33,156.3
Player 496,720,148.92,38.15
Player 497,719,249.99,105.18
Player 498,717,248.85,128.56
Player 499,714,672.86,114.19
Player 500,713,-27.88,74.17
Player 501,711,-677.8,107.89
Player 502,709,-110.51,100.62
Player 503,708,-165.99,59.49
Player 504,707,-81.27,58.25
Player 505,705,32.4,65.2
Player 506,704,200.7,86.05
Player 507,702,-10.48,97.81
Player 508,700,281.66,72.28
Player 509,699,-504.15,77.51
Player 510,695,-223.34,140.87
Player 511,694,-106.53,41.65
Player 512,693,-113.35,40.09
Player 513,691,117.23,77.13
Player 514,690,-167.72,41.47
Player 515,689,-324.29,51.62
Player 516,686,-52.17,70.82
Player 517,685,-672.45,130.9
Player 518,683,-27.43,197.46
Player 519,681,-546.19,33.8
Player 520,680,-193.67,72.38
Player 521,678,-216.47,165.31
Player 522,675,-18.16,49.46
Player 523,674,-342.41,62.65
Player 524,672,-309.03,58.27
Player 525,670,-97.17,79.63
Player 526,668,-582.91,62.61
Player 527,666,-350.16,44.17
Player 528,665,-261.78,35.8
Player 529,663,118.77,93.5
Player 530,661,-773.68,82.28
Player 531,660,-200.74,84.47
Player 532,659,-107.66,131.5
Player 533,657,-823.26,163.84
Player 534,654,-119.53,60.74
Player 535,653,30.05,61.06
Player 536,651,-278.61,65.07
Player 537,649,232.06,44.65
Player 538,647,-484.49,101.21
Player 539,646,-223.01,57.81
Player 540,644,578.76,86.85
Player 541,642,-52.35,45.58
Player 542,641,-289.18,54.04
Player 543,639,3.73,65.06
Player 544,638,-109.03,76.84
Player 545,636,-4.98,32.89
Player 546,634,-214.52,131.1
Player 547,633,-390.7,59.21
Player 548,631,-240.16,42.72
Player 549,630,-113.76,66.48
Player 550,629,-816.8,86.13
Player 551,628,-278.83,63.7
Player 552,626,1.45,35.29
Player 553,625,-136.4,41.36
Player 554,624,-294.98,47.7
Player 555,622,-134.23,62.6
Player 556,621,80.32,62.5
Player 557,620,-35.11,56.36
Player 558,619,-233.4,42.73
Player 559,617,-92.43,45.44
Player 560,616,-128.04,26.02
Player 561,615,616.57,153.7
Player 562,613,20.03,47.99
Player 563,611,-40.53,49.75
Player 564,611,-32.48,59.15
Player 565,609,-461.8,37.99
Player 566,608,-666.35,69.54
Player 567,607,-53.39,52.82
Player 568,606,37.76,52.91
Player 569,604,432.45,90.22
Player 570,602,-74.17,51.66
Player 571,601,-385.53,58.28
Player 572,600,-451.5,101.3
Player 573,599,-606.52,130.8
Player 574,598,-41.71,29.65
Player 575,596,159.93,132.77
Player 576,595,-34.58,90.98
Player 577,594,-70.77,104.42
Player 578,592,-494.13,79
Player 579,591,91.55,86.64
Player 580,590,-219.36,33.17
Player 581,589,-229.21,58.87
Player 582,588,145.64,56.24
Player 583,587,-26.59,27.39
Player 584,586,-81.96,103.98
Player 585,585,-51.01,105.18
Player 586,584,-411.11,35.78
Player 587,583,-459.65,62.66
Player 588,582,-666.01,50.6
Player 589,581,-226.87,35.71
Player 590,580,-139.99,41.67
Player 591,579,-179.86,68.32
Player 592,578,-11.2,76.71
Player 593,576,215.11,55.96
Player 594,574,-77.29,33.9
Player 595,573,-383.91,24.62
Player 596,572,156.41,59.13
Player 597,570,-275.28,49
Player 598,568,-401.64,53.79
Player 599,567,-170.57,27.43
Player 600,566,-132.49,39.33
Player 601,565,-319.64,45.78
Player 602,563,338.62,142.1
Player 603,562,260.51,56.75
Player 604,561,-714.43,172.79
Player 605,560,-318.67,72.65
Player 606,559,-203.85,100.46
Player 607,557,74.23,95.89
Player 608,556,-46.41,26.33
Player 609,555,-93.3,77.02
Player 610,554,-61.8,43.28
Player 611,553,-567.28,66
Player 612,551,149.06,71.32
Player 613,550,-103.53,30.59
Player 614,549,-474.77,70.47
Player 615,547,-486.96,42.55
Player 616,546,-420.9,50.18
Player 617,544,-809.03,104.7
Player 618,544,-306.47,74.18
Player 619,542,114.03,21.44
Player 620,541,84.16,60.36
Player 621,540,-226.54,80.56
Player 622,540,-52.5,40.06
Player 623,539,-152.95,36.88
Player 624,538,-48.29,146.33
Player 625,537,-236.5,82.73
Player 626,536,-617.95,59.84
Player 627,535,-241.15,42.42
Player 628,534,-615.27,49.5
Player 629,533,-52.03,25.47
Player 630,532,-206.64,50.19
Player 631,531,-319.08,50.5
Player 632,530,-435.31,129.11
Player 633,530,-363.21,62.83
Player 634,529,-33.67,60.85
Player 635,528,84.45,53.08
Player 636,527,-272.18,60.78
Player 637,526,-182.68,34.61
Player 638,525,-132.05,51.81
Player 639,524,-130.33,53.06
Player 640,523,-234.65,43.28
Player 641,521,333.64,35.25
Player 642,520,35.59,37.62
Player 643,519,-306.1,66.66
Player 644,518,-435.61,54.6
Player 645,517,75.88,25.86
Player 646,516,-63.73,72.03
Player 647,516,154.35,34.62
Player 648,514,162.1,90.33
Player 649,514,242.47,61.09
Player 650,513,-293.66,104.42
Player 651,513,-162.43,54.29
Player 652,512,-9.78,44.69
Player 653,512,49.96,35.33
Player 654,511,-80.8,84.09
Player 655,510,-298.83,79.86
Player 656,509,-352.01,32.14
Player 657,508,161.7,31.43
Player 658,507,99.52,18.48
Player 659,507,-252.45,62.33
Player 660,506,-112.73,73.06
Player 661,505,-200.05,42.71
Player 662,504,-161.64,42.16
Player 663,503,-281.47,34.73
Player 664,502,-78.27,83.27
Player 665,502,-128.94,25.95
Player 666,500,20.11,58.59
Player 667,500,-144.72,32
Player 668,499,-13.89,40.83
Player 669,498,-536.01,57.82
Player 670,497,68.89,70.21
Player 671,496,131.79,64.57
Player 672,495,32.89,68.17
Player 673,494,-315.07,44.13
Player 674,493,183.44,56.22
Player 675,492,-280.43,52.34
Player 676,492,-324.48,77.05
Player 677,491,42.87,45.55
Player 678,490,-163.08,45.15
Player 679,488,-221.94,37.01
Player 680,486,59.65,61.84
Player 681,485,-273.08,23.05
Player 682,485,-129.31,55.85
Player 683,483,-208.66,36.19
Player 684,483,-319.4,55.94
Player 685,482,93.52,42.87
Player 686,481,-69.83,61.95
Player 687,481,-159.64,44.33
Player 688,480,-246.29,23.14
Player 689,479,-422,32.7
Player 690,478,-152.89,13.58
Player 691,477,-21.6,39.57
Player 692,476,194.45,34.2
Player 693,475,562.37,115.31
Player 694,474,-307.02,17.83
Player 695,473,-71.16,41.8
Player 696,472,-907.09,26.23
Player 697,472,-495.76,95.2
Player 698,471,-495.82,41.13
Player 699,470,30.81,21.55
Player 700,470,-329.48,86.47
Player 701,469,-189.82,32.75
Player 702,468,-158.18,34.94
Player 703,467,-113.01,109.24
Player 704,466,-196.06,28.97
Player 705,465,-556.36,35.82
Player 706,464,-289.76,36.57
Player 707,463,-265.76,38.04
Player 708,463,-91.17,25.97
Player 709,462,474.37,105.23
Player 710,461,-5.98,41.53
Player 711,460,-681.4,67.45
Player 712,459,61.93,37.91
Player 713,459,-301.33,73.68
Player 714,458,-73.03,36.91
Player 715,457,5.55,72.25
Player 716,456,-85.55,85.42
Player 717,456,-402.31,53.17
Player 718,455,-507.12,17.81
Player 719,454,-133.87,75.71
Player 720,453,-206.26,29.48
Player 721,453,-210.61,43.21
Player 722,452,-183.2,61.58
Player 723,451,-245.08,71.34
Player 724,450,51.13,52.95
Player 725,449,-189.87,25.91
Player 726,449,-90.3,44.74
Player 727,448,-264.14,34.91
Player 728,447,-273.31,55.2
Player 729,447,-131.67,73.53
Player 730,446,-366.36,80.81
Player 731,445,-157.26,31.01
Player 732,444,-37.41,25.09
Player 733,443,-63.47,61.01
Player 734,443,-14.97,28.03
Player 735,442,108.01,53.85
Player 736,441,-143.89,31.69
Player 737,441,-306.33,43.42
Player 738,440,-46.39,59.06
Player 739,439,-464.53,85.36
Player 740,438,188.27,58.16
Player 741,438,128.89,46.06
Player 742,437,-197.75,38.31
Player 743,436,-81.29,28.09
Player 744,435,-156.49,31.08
Player 745,435,244.06,47.46
Player 746,434,-107.67,46.42
Player 747,433,-296.94,37.17
Player 748,432,137.37,47
Player 749,431,-134.05,20.91
Player 750,430,-56.38,35.64
Player 751,430,-71.41,40.49
Player 752,429,-63.29,14.97
Player 753,428,-442.79,50.2
Player 754,427,-670.38,50.43
Player 755,426,173.34,30.23
Player 756,426,-315.51,40.29
Player 757,425,-401.73,53.69
Player 758,425,145.02,74.64
Player 759,424,409.62,53.53
Player 760,423,196.36,37.38
Player 761,422,26.43,68
Player 762,421,-31.8,34.63
Player 763,420,-1165.32,90.47
Player 764,419,-186.54,27.89
Player 765,419,-101.65,39.92
Player 766,418,-17.1,62.44
Player 767,417,-282.55,47.46
Player 768,416,-307.06,53.06
Player 769,415,465.56,100.96
Player 770,415,60.23,31.38
Player 771,415,-279.06,48.29
Player 772,414,66.68,36.21
Player 773,413,-114.72,22.96
Player 774,412,199.62,69.25
Player 775,411,-60.07,60.37
Player 776,410,-97.33,73.53
Player 777,409,-391.98,31.14
Player 778,409,-149.42,28.09
Player 779,408,-72.41,51.36
Player 780,407,-297.18,86.93
Player 781,406,-228.96,74.59
Player 782,405,218.27,63.18
Player 783,405,-145.82,27.83
Player 784,405,28.79,49.35
Player 785,405,-293.07,53.97
Player 786,404,-340.25,70.28
Player 787,403,177.25,50.77
Player 788,403,454.6,42.35
Player 789,402,-118.38,36.78
Player 790,401,-100.7,18.77
Player 791,401,-6.11,35.76
Player 792,400,-254.81,39.78
Player 793,400,206.27,83.43
Player 794,399,-240.21,15.33
Player 795,399,-204.85,33.27
Player 796,398,-137.61,60.84
Player 797,397,-100.95,45.77
Player 798,396,-493.24,64.55
Player 799,396,-158.03,56.41
Player 800,396,158.54,26.54
Player 801,395,-231.87,53.31
Player 802,394,-461.13,11.57
Player 803,394,-121.97,27.63
Player 804,393,-761.91,134.54
Player 805,392,-544.79,42.29
Player 806,391,184.63,25.93
Player 807,391,-282.41,66.81
Player 808,390,-169.51,18.28
Player 809,389,-102.17,51.02
Player 810,389,87.95,31.44
Player 811,388,-217.88,52.22
Player 812,388,-28.81,34.05
Player 813,387,-150.29,54.38
Player 814,386,60.32,70.89
Player 815,386,-277.25,30.94
Player 816,385,-163.3,37.17
Player 817,384,396.96,67.04
Player 818,384,-214.36,20.45
Player 819,383,65.53,69.23
Player 820,383,-667.84,51.25
Player 821,382,-87.93,24.23
Player 822,382,-55.41,28.29
Player 823,381,-98.91,42.51
Player 824,380,-78.8,16.6
Player 825,379,115.49,54.6
Player 826,378,-108.81,58.87
Player 827,378,-71.64,91.65
Player 828,377,-652.19,41.47
Player 829,377,-97.59,31.96
Player 830,376,116.14,26.11
Player 831,375,-161.7,46.21
Player 832,374,-168.03,68.96
Player 833,374,-334.91,24.73
Player 834,373,-42,80.37
Player 835,372,-64.16,53.44
Player 836,372,-180.4,30.5
Player 837,371,-389.54,34.42
Player 838,371,-193.42,30.08
Player 839,370,-428.99,37.6
Player 840,370,16.14,29.22
Player 841,369,141.27,69.5
Player 842,369,176.74,42.44
Player 843,368,-164.64,23.82
Player 844,368,-215.21,39.13
Player 845,368,17.79,29.58
Player 846,367,-222.76,26.38
Player 847,366,-41.82,24.16
Player 848,366,-225.98,56.93
Player 849,366,-338.87,31.87
Player 850,365,-4.67,46.9
Player 851,365,-388.99,58.84
Player 852,364,208.51,45.52
Player 853,364,172.09,35.39
Player 854,363,-426.85,43.16
Player 855,363,-66.97,55.49
Player 856,362,278.44,47.36
Player 857,361,-258.69,19.67
Player 858,360,-127.16,31.07
Player 859,360,-439.49,63.62
Player 860,359,-297.21,15.43
Player 861,358,63.38,20.94
Player 862,357,-221.56,48.08
Player 863,357,-156.73,23.75
Player 864,357,235.54,49.51
Player 865,356,-350.37,46.76
Player 866,356,-11.25,19.47
Player 867,355,-30.61,22.85
Player 868,354,-94.82,18.48
Player 869,354,-71.67,44.34
Player 870,354,-165.7,67.53
Player 871,353,-244,36.05
Player 872,353,-398.32,40.17
Player 873,352,-77.81,31.68
Player 874,352,32.21,36.1
Player 875,351,-326.57,19.04
Player 876,350,-148.44,35.22
Player 877,350,4.85,36.53
Player 878,349,-231.8,35.85
Player 879,349,-84.49,18.96
Player 880,348,32.8,45.26
Player 881,348,31.78,40.8
Player 882,347,-163.48,29.12
Player 883,347,-166.56,27.98
Player 884,346,-144.65,31.84
Player 885,346,-267.5,52.75
Player 886,345,-414.08,21.23
Player 887,345,-247.5,54.3
Player 888,344,74.59,42.06
Player 889,344,-12.68,26.87
Player 890,343,-303.54,34.44
Player 891,342,-109.75,26.52
Player 892,342,-317.64,31.86
Player 893,342,-496.79,43.55
Player 894,341,95.6,35.65
Player 895,341,-76.83,21.69
Player 896,340,-28.39,68.9
Player 897,340,-291.95,55.9
Player 898,339,-138.27,24.47
Player 899,339,-133.9,21.86
Player 900,338,-93.11,27.26
Player 901,338,-381.86,22.85
Player 902,337,-210.14,61.84
Player 903,337,-214.46,30.47
Player 904,336,105.66,33.43
Player 905,336,-50.59,13.73
Player 906,335,-83.02,28.17
Player 907,335,-98.9,33.85
Player 908,334,-152.51,33.61
Player 909,334,-87.96,35.24
Player 910,333,-178.25,36.2
Player 911,332,46.13,33.79
Player 912,332,-214.15,19.84
Player 913,331,-239.91,23.77
Player 914,331,-223.23,119.04
Player 915,331,-89.72,24.46
Player 916,330,-43.16,15.24
Player 917,330,195.11,52.1
Player 918,329,150.07,30.16
Player 919,329,-338.7,42.93
Player 920,328,-78.4,44.81
Player 921,328,131.42,36.63
Player 922,327,-97.51,33.7
Player 923,327,7.58,90.48
Player 924,326,-32.51,50.37
Player 925,326,40.73,36.6
Player 926,325,65.06,22
Player 927,325,-158,73.92
Player 928,325,-24.91,31.5
Player 929,324,-272.08,18.97
Player 930,324,241.35,44.62
Player 931,323,-152.87,20.99
Player 932,323,-241.97,26.59
Player 933,322,-45.81,20.6
Player 934,322,-224.84,9.45
Player 935,322,-362.95,24.97
Player 936,321,-412.23,43.06
Player 937,321,-2,17.39
Player 938,320,-77.97,7.83
Player 939,320,-127.67,23.07
Player 940,319,-358.21,39.94
Player 941,319,-409.61,39.36
Player 942,318,-114.79,32.87
Player 943,318,-65.56,41.88
Player 944,317,-174.12,26.63
Player 945,317,16.31,16.69
Player 946,316,-54.14,38.5
Player 947,316,-323.59,29.08
Player 948,316,-249.42,42.4
Player 949,316,-36.87,43.53
Player 950,315,-145.06,52.47
Player 951,315,-158.14,28.04
Player 952,314,-449.2,57.1
Player 953,314,-121.59,24.25
Player 954,314,-466.61,75.34
Player 955,313,-143.35,44.96
Player 956,313,5.04,26.77
Player 957,312,-346.04,40.95
Player 958,312,-208.79,25.7
Player 959,311,327.42,57.32
Player 960,311,161.99,36.41
Player 961,311,-400.21,49.68
Player 962,310,191.84,29.45
Player 963,310,94.83,35.34
Player 964,309,257.72,39.1
Player 965,309,53.85,23.87
Player 966,309,-474.48,121.59
Player 967,308,-333.11,20.7
Player 968,308,203.41,47.86
Player 969,307,-254.96,26.38
Player 970,307,-79.88,21.62
Player 971,306,61.37,50.16
Player 972,306,-26.42,24.63
Player 973,305,-0.54,56.25
Player 974,305,-11.77,74.86
Player 975,305,-134.33,25.99
Player 976,304,144.78,59.12
Player 977,304,-67.05,26.6
Player 978,303,-55.23,42.4
Player 979,303,-331.75,35.07
Player 980,302,-63.4,21.4
Player 981,302,-190.18,32.57
Player 982,302,123.61,31.22
Player 983,301,-120.01,36.56
Player 984,301,-120.99,38.4
Player 985,301,247.54,31.35
Player 986,300,-231.26,18.73
Player 987,300,-229.02,30.6
Player 988,299,-132.23,21.74
Player 989,299,-65.71,25.09
Player 990,298,-203.32,37.78
Player 991,298,87.83,39.56
Player 992,298,-66.03,33.04
Player 993,297,-27.6,16.16
Player 994,297,-92.02,36.24
Player 995,297,-404.41,37.19
Player 996,296,-197.43,13.06
Player 997,296,202.89,33.5
Player 998,296,209.29,68.2
Player 999,295,-105.99,30.53
Player 1000,295,-154.06,22.48
